1334806
986624
538784
1653968
614535
980167
809540
1062274
380871
1611217
1216473
576301
1465151
233970
715882
349528
851004
1398118
29112
54292
1589176
639985
46199
1204505
640113
178033
1217454
1904107
1555412
1523650
962239
1755917
666592
1142875
329286
2022063
473997
1624936
1397296
31865
1023492
2042963
550163
65165
1235611
924913
1898353
570473
617921
70193
1332552
1182420
67103
808892
1959322
462594
233521
714834
127856
1761080
921636
320733
1608589
1670670
855371
1154657
1366094
887621
1516869
44866
1430747
1545922
324250
1081784
1992260
1487463
1988760
5135
804817
1556040
32219
1058640
646508
2004934
317263
1994300
209049
875951
768881
1572202
1086559
1229529
38903
1311969
833777
936960
1994010
1712565
1598831
559009
1521939
729911
263897
119893
337656
1683014
1139344
532687
1661432
144016
231816
1686024
770205
2067534
1509078
2000416
1804825
1747091
253196
1869983
1300682
373603
1719316
344781
1620859
1104252
1963380
428438
1431819
686242
517437
571313
1007282
1982701
2042532
1458450
1900147
197280
1070832
1601070
871365
1669214
87471
86087
527484
1450987
1536281
1775035
584903
219204
115121
682296
1833017
1177645
453179
1217262
758768
769605
78743
1290033
1974513
1203219
777491
1240744
374059
1623747
553512
784436
211628
1426162
2026327
258567
1387302
1638329
1933123
373352
454734
438418
872964
1792325
1038489
404058
1836692
1726406
182960
1127004
319061
1182549
216106
802902
1517894
625696
349218
1014830
1636376
1267051
1043598
1902839
16735
1712936
1537604
1849621
964877
1479873
1523421
1744788
1555523
2009189
1093774
13143
1440032
661675
1548933
415099
1273084
149927
153689
1861041
1847432
1492044
1505400
1620286
1515493
958368
1407632
1327234
119904
1760701
677186
1503178
948011
1716754
1040957
1621680
63818
268168
1151696
426201
874098
440730
1331126
856552
185962
2038398
862985
1125348
1540817
123848
1574381
1485436
899342
1465531
2012902
24460
755207
938456
264613
1594103
1727986
813185
571382
564406
752662
622609
1673888
1895564
220548
1425964
472155
1001572
290522
2003771
1254325
476094
298209
544863
1879258
1457958
1080131
1081744
1759840
179079
1270275
1951654
1704860
1827583
556779
917231
510236
1178334
1873083
1741797
1775378
1979634
4424
1444266
197045
1402011
1541113
215964
1634172
346429
742958
490779
898647
500532
397478
184712
1393292
254390
1444830
871756
1638407
1236359
256695
1871165
1455081
631208
116773
652349
616728
333113
667444
1268256
712361
118247
1001409
706097
1001400
1683533
1951616
1675302
698301
597790
533353
480879
1773474
1819169
1023259
122209
1971598
144322
1039013
698736
1459091
1262148
1316624
313742
1626741
196919
1673070
349560
1517088
588579
1828371
984529
1714572
1400207
1725670
1568029
441048
483261
362247
1122885
1458164
853534
39433
1311972
1503015
379682
1725275
1108938
652674
1826021
1823094
741605
1569968
739444
962581
448916
1825258
754034
1306496
837649
1437171
125455
60209
784752
194852
464671
586849
1022233
1191876
1116241
335931
1064440
99409
1501912
55960
1282268
1627952
1754995
1770785
307392
2043141
1546625
1603587
350069
1118176
1158842
1271202
75611
1309665
1590978
1909625
383503
1591476
674742
579180
1580494
1659628
716258
766038
1537182
734325
1536031
626401
633774
466231
1133349
1515212
1507671
299612
1384654
1799096
1025805
1520526
1894075
1637268
1851896
61632
1351717
544009
250714
1037257
1123880
1760594
397913
908640
640379
1932630
1066776
190550
1507813
932540
443724
551643
1414300
1691566
2035313
1151314
896576
523346
485857
1701327
788629
721065
460479
1610291
643599
1609648
1296925
1438367
1453903
705831
557869
59213
351411
1926463
1524642
1968070
563440
979515
1688810
411743
1651758
94001
48451
950520
462121
2051581
2061207
1616316
691032
1025937
488335
1856724
1506368
903730
914057
742112
1097732
1544956
318707
1237151
1735437
79243
1506251
1141351
617364
1887926
1800001
605392
1519708
1535285
1522959
1938267
1275649
693006
91613
633088
1395060
301140
892508
15520
384321
1964758
1489198
655687
1073662
848029
1329892
1318314
1778634
829511
1263099
1652747
1057276
1401202
1072785
293854
1269557
178359
622785
1836590
551158
1312741
1787963
353913
1523824
296185
2070341
1579442
817861
315598
1919649
651420
1819608
1640963
1698220
284183
883193
1729266
2062472
348314
1558560
1307015
1874368
246113
1779171
1901099
554408
1848523
1306353
1582809
1627612
1300964
137154
1413310
2029218
1736128
1362583
1104245
1195702
1563033
1642205
1671867
497330
130303
1376277
1388122
28727
281885
1510468
1284849
150791
1823304
1791231
635739
2059219
370778
1485254
1349559
99227
1565087
185358
703000
1360561
662238
1892422
1634574
1636300
273919
396086
367867
48894
420624
353591
1432538
1137265
491181
498790
579207
1146516
1368567
1866923
1912746
52119
1313948
598045
833470
12259
79551
1500811
1413089
38462
1815414
1130241
1793451
1417712
442791
1308736
624314
1422528
738027
1543851
203722
1545921
1022960
1643525
2027331
1944358
61917
944375
1229559
389081
222325
1175821
1862846
258923
1900859
1078922
1264041
47725
1946245
980292
2052169
1280862
766782
1221366
1248483
241817
1430063
969746
65154
552320
1466077
770606
413747
610441
777084
732784
1070188
1916079
1001076
843115
1030991
1334045
1913620
760353
1071201
1497289
1776742
1071093
1677570
720085
1811406
1192118
1012509
1848775
877712
832728
1176326
1487961
1168110
1676879
1486176
72425
755101
1074435
1940296
921519
1604602
1669523
643260
470028
1096993
260218
1033811
1505876
740906
795381
583599
614302
363511
1368636
550220
891281
817698
304459
1924027
941604
1598705
1482174
1661519
541580
1186158
580903
160640
1168652
1662709
1431524
1667446
1915439
1021429
803141
1897855
1178233
30604
1495816
673741
1353565
1212323
1052859
219694
329794
497585
1600615
2052070
876428
2011161
255879
1187247
401474
1128724
1312943
1782275
1682137
155780
1783344
1937110
1088043
1144999
1222941
1327562
1879287
130949
199971
454283
1210539
2012356
1741612
857261
578504
1284700
1602140
850685
688488
96759
1237059
1624164
1382841
322584
1244855
1097307
265561
567173
2023402
1569101
1271727
1616100
1961307
1753870
778154
1946886
1417856
209344
156076
700448
1731027
109453
1928193
541096
231330
404516
1415140
977540
887441
1679267
1413627
881857
745110
1167134
1550953
538711
1843374
1114383
1544163
1308641
1446891
1642586
687558
387089
14959
533168
431154
799560
621155
339631
220059
1058295
1928351
83666
924754
643262
273466
649332
980144
153022
1901361
2061877
1935477
1341244
206242
1431171
1943857
1280827
215078
1509662
1833596
1957949
1812723
1956153
67745
1312718
481408
121662
1362491
1884452
1612244
626377
476230
646645
669599
1744583
188026
958307
789674
1688242
1217967
631623
1433713
1806360
1296645
1699347
528448
72404
713132
1292618
914653
775426
830043
356708
410360
128906
126124
1330951
1330820
1837858
1715503
740716
1928715
1497335
409327
1314081
305691
1326867
167522
1400628
791744
1101023
415460
1770798
1818566
1595558
133326
1558576
161363
995799
2070481
347620
3400
904131
1038140
1100983
1189426
1997737
1909366
450130
560744
288869
1188131
1785471
114057
396387
813021
1687717
1265589
208925
63118
627210
1480900
1961397
463179
330309
909627
781852
484797
1869450
313203
1310140
864361
590275
2033253
680759
1703082
1111038
94628
145282
1718307
269172
813897
1086072
677321
1593790
689033
1783844
495152
842922
839945
574587
1976469
169195
705367
663775
1340434
1583622
991067
1904906
939377
1140106
1201802
1428796
1322487
1949266
966966
126573
324786
1660597
1761107
596575
1405204
151488
1649247
2043436
711744
657918
1840089
494
71334
738478
2035320
1064979
1369047
1686585
270402
738928
1488799
1212536
1522719
991623
1424334
744418
623583
1453540
1497730
1145277
304112
840086
1364522
1749499
783415
414982
1814173
1497666
1660959
1320152
1876995
1667420
1934665
1792656
427209
520304
1921338
87176
547119
1770932
187319
1734596
2030074
1728424
188703
468868
923009
1112352
53745
1916115
1431267
1595214
366198
318027
1574794
1331511
615893
1963222
500580
715719
891962
9417
1076548
1932383
1809478
443639
1480067
1637703
1359878
672676
1588317
1765556
698493
895438
1286517
1473861
1991314
1718323
1970672
1895322
1096981
859596
615799
1294135
1467661
1637062
1210452
897611
1854276
2060109
1084032
1297803
120984
1060675
1723068
503994
3496
1688620
1555730
1241191
527277
858738
1819403
1039375
1095139
1652125
259384
785123
175960
1691854
1732588
1727790
1775344
686165
23804
1517873
1181034
139060
1222274
1913288
404156
792325
505549
1340185
1324651
1638103
1124717
107986
994084
841497
1368772
1706847
1018438
344273
1758088
1014204
1415729
1043547
825571
1061811
604233
144510
928727
1746875
1025219
351967
14622
1156937
373337
144303
986010
1578758
1953024
244086
79974
253132
839836
1857855
1801269
583337
1030320
1487801
369925
1629801
1032334
594816
1461237
570824
409909
1361359
1069217
736294
1107889
701506
876240
1559082
1088716
71528
2038395
360871
516281
1469406
808330
924075
1957480
594780
2015087
1439905
352307
148712
1023788
1130165
1829672
77021
614248
1709388
957578
1342224
1874194
1222473
768638
1901390
1857732
697920
858657
1602195
985480
157204
468910
802596
818950
307759
112580
926242
1698140
291168
58448
119439
71459
526350
2059922
1047959
350445
1709583
1933572
42376
1828962
1528169
432865
2017252
178534
1593965
136298
1086513
1109557
1015784
1834286
1600356
1270230
760383
102522
2041618
786234
27654
1508804
1620414
1063279
1073861
258578
784295
925644
248136
1896598
1377865
1164864
1812461
1263182
554420
919645
1609976
1769117
1541476
394152
644298
1561217
878759
1756590
2012745
1744639
427917
991043
277484
647969
907770
835547
2046982
860405
62097
556841
973809
110359
278499
1687511
1521080
1761245
462177
1370535
1619203
520171
22292
177050
267104
787206
672850
1991543
439979
1042074
132202
1577246
441774
1222109
562757
1197479
1380660
1845615
808649
1400907
214691
1026018
1570301
85913
254187
1009540
1212196
687279
1260844
1145803
201705
307259
1752642
361472
2054903
319416
637335
956480
654618
405051
626875
830660
1205933
1349416
249892
516354
504753
372234
2033597
1586311
1217511
353287
425849
1314237
558091
1048817
152072
826722
562590
1777713
1445651
2031177
495779
637985
1672179
1855991
692206
2000862
321020
389703
1024279
1206617
1738565
1212345
768739
231817
451414
413695
1348980
1019470
382477
350845
478252
1402773
336005
1856762
164167
907858
447035
259196
602848
802006
325560
251070
282569
932322
652995
1989569
816374
1950335
1102415
1701507
2018683
1174982
200591
440735
1843303
1906109
514095
1143836
1888821
1857313
122880
335840
1012130
2023948
800048
1422844
1258494
1538243
1196328
1005620
1763450
1771173
1823804
988239
420909
479952
1657394
91546
1686234
1721553
161725
764998
843536
1523741
663918
1784319
144483
523746
771022
627488
466739
742080
1044146
505306
1532906
911638
847568
1371586
1886348
1863492
1038555
292583
2807
1346608
2035993
833651
468132
795712
2030319
81237
1369433
442769
1133420
594815
278673
670394
1893225
1754995
222849
1471911
1940406
1582633
1493288
1988430
805440
1101153
71107
870457
1235122
289927
1824967
2001958
424766
1954556
1319471
1099893
1349856
647155
1539882
176908
1275246
1260719
841566
1638833
1627312
829238
82091
424479
1525980
512943
847999
1797790
2054470
1285146
108906
458087
1060581
2012141
41702
1650273
1386011
1031711
2037848
242137
336833
909793
64592
1189960
1467760
1706047
691767
517349
1057509
1798156
703043
129087
1706243
509702
1024529
548707
1097219
1909619
919414
744033
1574225
1402110
1923602
916387
939961
1185389
1609849
735727
327461
210505
1144254
962725
1164972
1269229
414482
156691
2070249
910131
126761
1805490
1059363
1888330
796810
651099
1464359
335252
289461
1342879
326550
484416
1723186
745576
1039009
406887
873390
1285574
908901
2027876
1874894
489465
130351
2037598
1377122
1553304
663120
562670
1718799
736656
189477
1085701
1296561
1247396
1606612
222669
1572891
1016319
1648444
848727
311236
950149
866538
169214
1742664
1596364
1748361
151075
102905
416645
587315
2065709
1643778
385479
2045156
444177
1540051
1947934
1787175
461076
1757684
679447
457819
1968026
395461
1813019
1719517
752655
921664
25119
91860
258880
1409667
20747
1200281
1184192
1426458
562318
1211705
762056
684905
1357610
1940526
897350
1041556
337686
250366
1725813
2004349
1032220
957836
308871
1007501
1622975
770423
1319090
175287
1062863
624434
1052262
1211305
1676656
869125
1282048
1226072
1241620
371845
1784956
216085
70325
1828389
1587588
977442
165657
1772117
1293644
1783690
2016696
1455373
397948
853664
1016739
1037848
1544148
625257
167845
1800233
1036332
1200785
914889
1686188
776289
25732
109201
500385
592611
1589741
1859962
1043490
1349673
242183
1046091
2015823
1508322
1791363
656471
353613
1489178
305493
1097433
647450
1323303
780895
1476261
879051
1359802
1920825
69356
373689
1265338
379922
986722
2041189
1299707
60327
1738170
1398130
69908
1430683
443245
1739743
837419
614074
980610
1354917
320513
2053580
1156368
1505085
326385
1459191
188058
1317358
205648
164394
1473920
599905
1976927
1814167
911222
140594
1313747
88800
863434
1909450
845358
892378
193154
50532
97692
1425175
1472000
1743950
1319065
1848323
1749289
981397
571614
1725329
1418107
506263
1940975
1963710
1233007
1084679
274601
2015609
1443416
1273275
813344
1702191
691796
806302
954532
2018160
1137633
1596712
754176
1986597
1315542
1500903
464729
360192
1365181
810566
2035842
300905
82428
1280747
897566
1588298
1019079
828348
453256
378357
2018698
1225343
1608379
640290
185217
1891376
1684275
1846785
368015
1777184
237130
556311
921647
1393360
1409237
1999002
2047928
1153367
854775
1656897
1798116
148239
61566
921990
1427756
1767753
2048558
917259
263430
202570
1860222
518497
123590
1332764
444400
419535
1815506
531199
1131665
1482242
1355786
1017532
210116
1423039
413599
577678
1938569
959421
678148
686907
1849617
1410506
1019470
102472
666291
196753
1048071
327496
1602201
1273617
638611
1180023
1751886
1602924
540708
309629
465900
920172
1184944
1353020
425932
1915823
1958491
1581678
1865515
787316
426529
1553994
1933700
408434
1075122
1285410
1625622
953057
409357
1325618
1723868
1315022
278305
75600
1337540
750896
555046
1737498
1312480
845778
1849125
437612
1501064
813442
1135111
442348
527656
180052
791565
1633566
1383391
85360
1455659
1713595
1903931
1643117
62609
41463
330316
1961445
1773366
1754532
1422837
544322
220732
2025684
855086
1036218
2014566
526311
897779
1318284
1365954
1553960
1576163
1833348
671927
199369
1701334
2015856
1372955
44113
2019575
468632
243923
355343
411232
1206300
382763
1266324
525609
1842033
1734436
69291
628428
882975
1411799
381928
997089
1301735
1998038
743742
147536
1080095
354210
1971153
1054992
1852140
533221
1595294
1503471
1464702
1305527
497119
432551
1736222
404956
1135483
1058506
1272627
340077
1383949
1774444
997663
1027293
1345229
1029354
1794830
1063066
612474
1346347
1361580
43939
720441
382238
1651597
339131
246772
358114
1728605
1246531
373962
1536618
795982
900256
2068322
189894
1191633
814256
1470658
761122
863576
629113
270111
1046788
1419413
287726
149108
1501416
536276
324649
1380583
314330
1876668
1422614
1651380
140224
1867652
1081266
1738615
1664266
2007173
926614
1219901
1383586
1436257
1886627
1689298
523390
1147792
160243
751335
1165779
1017974
1577716
1835194
823264
1677478
1808180
67191
1026639
619621
404587
1920520
214699
1432306
338383
1551471
567745
124825
1211661
1106773
1064746
1806380
859162
609843
276544
692866
838246
136277
1439979
1504861
1746137
185751
1123644
747512
2026117
1368181
417873
1295739
966659
112245
105422
10131
125611
1137355
1536301
1237073
955387
782714
923563
172903
766333
195433
1524622
1004476
2015778
1504376
1933736
1995378
1206607
1778935
628969
140431
70746
754533
1236849
1755420
932041
677044
1560257
1871866
534866
1395729
1734128
2006639
997876
1774504
1954985
1947019
2008602
4267
1749624
946693
1983840
172265
1731590
1578824
1405421
1940413
1207549
740418
1650317
212644
885719
658482
647431
1675469
959571
1910935
1373920
1366085
1123909
277199
1289797
374476
2057223
776909
1927861
1882325
486568
919261
1790745
2035228
2000506
832538
1860904
974288
675091
696963
1923212
988890
1309684
2010514
1251479
537813
275066
1311677
747034
599035
1260157
1506119
1537651
1467633
1207684
1559312
974949
400047
1350019
2036899
1917006
1721293
1218510
58950
1752929
1758689
1995949
725427
1759959
1745619
1478469
121359
937818
1090544
800811
1042918
876072
1993591
569539
666808
1788682
1637226
818810
1140694
1159141
361437
323466
554068
1037065
598660
520802
1742990
1125016
1688642
144999
245616
1730032
1856695
74042
1699925
1724600
379216
549675
649029
212169
960043
268457
1267137
1864223
1147187
1012718
1217164
1777252
2055110
596831
1878610
1442840
166150
1633651
94560
1983629
1047397
954371
1972735
91739
332244
1432168
915876
2047436
1205540
1977372
981521
2011505
1577280
742635
1571902
1514088
1654370
851830
156048
1555329
1924988
2007657
1112099
176862
1931711
571933
427102
2016991
1680132
594200
700787
423041
582715
1951837
1892472
1295892
120487
168770
708639
3193
1942320
1779511
1265242
1482455
547932
771950
1547592
1860861
1585682
1470773
1169252
1834452
761296
1921313
727162
233668
1509793
1266989
908225
434976
316192
1574005
710203
431171
296486
544192
310150
45029
1278725
61579
893900
716612
119125
177404
746059
263833
510032
1016544
69389
1934760
1786251
1545816
233563
1030539
1430422
715875
1661279
660825
1333133
1219259
2038611
1522015
1317767
779121
1306885
1856009
1519867
1629241
208650
218927
710153
728781
1835391
395158
1136815
350598
1652001
555519
1352664
728295
1645396
1037421
1356183
674209
247750
759426
369924
1254633
1023826
1230464
1288654
236702
1222178
460835
1182870
940961
339935
523318
1819436
1634790
1946217
1819351
1210789
264318
1076086
531616
1294257
930504
63959
1163481
785275
1340503
1299629
235312
849182
1199145
1327297
113758
1265008
251037
614072
1057286
1913551
558013
1259873
1335123
954599
537694
2041523
2010782
265378
294751
61683
604698
479787
896318
222939
56044
73873
335745
1686337
582296
1123306
1449141
1367868
959578
509360
1976448
1177040
1857776
1367378
519502
936341
1529168
257185
388027
170525
1249804
1707846
2057991
180466
1222942
323841
1155105
984327
246137
1017601
226119
1002355
243242
888350
906724
1980883
650083
73279
432260
1188801
1857145
1931271
517336
1033189
1412201
247298
1829428
413989
1080041
70718
1635862
1293866
1519602
2030966
1697509
1908526
1350018
342847
1526210
160352
146942
129176
373843
1917148
875810
1095530
1816265
937139
242775
48151
1877550
1516334
1373461
1420843
806733
1261094
1085835
1102026
246604
1189296
622771
835528
527098
14133
138379
1405342
934729
1798652
388609
217611
784815
112093
1279750
658048
1152268
1404352
599587
111122
641923
1697341
371763
670876
495184
15794
560561
444659
937134
1419854
2057179
799014
602575
674680
1918714
1370275
355680
88887
1965114
927630
1293011
1733550
1471765
1594236
956354
1273743
1521584
1531969
613036
1509298
1646809
589074
1375256
940602
687661
1228468
1640970
1734371
1647326
1302405
354465
544918
1284386
594850
561260
715486
390030
1092611
985543
96953
682307
534185
1086518
934847
1290402
64856
1141028
63765
1011686
1092472
1531061
1972075
991676
1667033
182334
1231271
1074318
1859913
314318
284869
393055
958814
465886
1676321
1350850
1939006
1183065
1268748
1952210
777591
1237728
163138
1483721
1205857
189870
2062103
426077
785028
1078750
1213818
419061
365934
1683350
932308
1460893
1883674
2033870
589429
542302
821338
608635
1763626
28854
502971
1665953
2007508
1094589
185192
665335
890748
79697
242612
1614200
99700
813327
869982
604005
1686229
1029961
1656636
1361877
863323
1584601
405981
220054
550768
1130524
113470
441902
497686
208733
151285
670580
870898
450114
1995478
866950
1598097
1526586
621847
967516
452771
106324
1217959
1752198
1821392
325711
2032006
1855095
37459
172516
658994
947955
69234
1204222
2037875
1142387
1556612
1024994
487019
1040533
961086
521328
447548
1344425
582658
1753580
95150
1337355
1761087
1560532
2015946
1319278
161341
1916399
1187987
1269074
1963770
414479
665465
846883
1954329
1429637
797381
1447581
809014
1633354
433611
1886388
1157978
1891047
1991501
748399
655627
1622340
1990773
892620
450689
1449397
1871357
1944106
1851447
863586
544439
1205368
792285
949845
806090
2014849
1727180
1884508
287557
637953
1537839
334542
1892660
90781
816653
1104306
300140
1126224
1604018
1403058
954915
430342
246740
288265
174984
1450226
1838838
1513102
292157
1775221
590837
732911
872412
1080282
390162
682736
601940
1684860
797983
402595
1726982
810434
812786
872191
1494248
482129
314784
438251
801606
1551368
876226
416677
1955526
1429802
1596180
364133
206567
1713983
1243590
966365
621399
188104
1843565
1648609
789064
1266391
1324890
1551624
742872
299964
537637
262617
1643923
1531344
871469
560365
1908260
1840116
2027138
140487
46401
1668622
1111496
151926
682844
1782038
2016654
1560531
244724
1986293
618289
1860750
1199732
764707
368397
208880
1424746
144051
428651
1584443
829548
1652135
1416161
1673513
1308899
2057823
1788699
433509
1512899
141843
1825479
560149
47734
1548686
316127
333432
1416307
222615
1103341
1608326
1560733
1635803
1302247
35346
144190
1246199
1132394
326630
927885
1339675
1918111
1527188
770078
1280052
112641
932647
1565461
871083
1524480
1384637
840088
104894
1958043
405698
1699939
769111
736561
1169135
1253378
1987218
1326106
25757
323006
624245
33959
869387
1973367
1707468
456971
598550
1933184
1676502
1790492
1503837
400320
670519
1666894
1942332
680584
409013
679795
688776
485440
1722503
1054
1898080
1574651
1617242
1438504
1887161
580203
156117
1389645
2060834
929397
578508
1650377
1259208
2015531
825899
545332
1929116
176904
1528603
502171
1840156
464632
308756
956323
1527671
903487
391386
1847348
1561788
2003090
695153
1712815
845388
934403
304911
1521789
1548722
824542
264557
492870
1616207
1220124
205209
266904
285031
20727
1310663
1285501
1237454
1367946
308809
772938
1177589
699288
1993052
1720063
1025378
1964280
1412630
1518698
1532002
229216
695666
692012
1218744
1296642
700088
1662298
832917
1658959
1208764
1922343
615468
511832
228603
690230
129045
1196831
1719886
1102448
742540
1996428
14545
92834
1537525
1665966
977862
452871
634241
1860693
1119638
2064270
1109227
589612
1418036
99671
1695087
1364489
110508
1487241
1828940
1431125
1023644
1352483
1569103
757549
708069
949566
2056033
103953
774723
718776
697356
892887
366771
430461
165267
1607903
1256644
1503406
515847
1129330
1657214
859326
869056
2018299
443559
1763266
286488
1648935
1506638
1228278
1406900
169971
938349
480721
1728925
325357
1918521
494274
425209
1380286
974793
411002
2022537
921683
260730
1770739
1544159
612644
1938612
311748
1793289
1845262
1494415
5257
1982636
1066471
130987
261492
932246
1266632
1064540
193041
770178
1629628
2062466
1911103
342735
768347
247116
623214
45465
261343
43648
1026391
6515
363530
862355
1314710
997754
904710
1738000
1549390
1327748
1575715
1637078
94905
818168
1800393
995815
40434
1933789
587618
82780
471716
829088
386819
1269460
847349
1372880
232953
2030199
832868
1756585
1278304
1502811
509018
1478950
554441
636649
1852772
1569718
1077851
623685
1443921
395805
1420907
1353487
1697130
1237265
898650
1475167
372002
369512
780537
181512
705991
564433
716059
1207660
250963
1017156
1511019
1643982
1072602
672807
620269
1871600
1331726
212425
1236621
1531377
434847
1287703
193079
1552009
1486300
842920
460159
1508552
379284
2069467
586240
596359
1464983
246125
1916094
171892
1117080
1841390
2020559
1736878
907704
1511705
82112
857544
496193
1586956
911234
1335441
1407297
1434004
724530
254562
1203942
700994
786410
1910098
1517278
988211
1846834
1910629
2065826
2034060
1305917
1404401
529769
696579
1188501
1161229
1396921
2033836
1929367
551334
910032
124509
1480598
1032511
697425
585812
573577
1173580
542856
441828
2040543
1390755
897428
725371
1419544
94632
1822819
654773
2023200
749452
322176
631955
1838249
2050904
898663
1588909
1062809
482568
766044
880957
1298809
1547946
1451808
1884676
1529436
1680674
1931868
1501233
1105205
1211901
417748
1559902
1901622
948002
1005960
1091833
1140537
490393
726641
1705399
333074
1329228
2039919
1737210
1827643
49093
1784239
1114614
203318
1036766
1100373
182928
681625
1328118
276947
854073
1346020
172808
1281566
1596009
631926
462884
41158
717089
60724
607824
122373
470688
1924355
741659
174190
1039787
420087
607661
306264
42830
1053194
1441153
1221218
922571
864460
1842234
1579729
1094737
1037788
1622024
462488
920778
1657414
1598078
229352
1900560
1457391
1144045
888630
366860
371648
169794
514286
1425160
728
494023
275399
317546
1558791
830108
1314162
1998870
1523038
1482921
355154
336524
881465
1405130
1685614
505420
1013875
1763953
1350589
863318
1912818
871507
1994654
671063
574851
1963062
1102076
1656759
840108
1162312
1718497
911267
1093680
664388
1976654
233854
1088943
138214
827840
1394017
144852
131661
139052
653530
1670711
1895227
789115
1325248
1663854
372288
628782
839645
1854765
1162222
1854644
412308
2021799
323609
429159
142537
541930
326668
1182200
666015
1802299
420747
1503748
362044
808632
2069979
321931
1926610
1629001
1051497
1880461
1950888
1302706
100565
458166
222834
326316
409574
28378
6828
1305994
909461
1534660
18050
866933
1164469
259114
290362
233075
83837
176750
395580
758755
41182
1686973
1802960
1108886
1787891
1754162
1111927
2053098
412969
1794768
2055339
1575811
399738
536383
1424670
1572481
903746
2060537
82416
33905
1885968
2021959
2038338
1675537
1061053
412973
1753996
203182
1111401
1676432
2012885
1521961
22150
950580
1677935
455923
2034234
1089979
777136
198629
755182
154244
1935858
566031
1249576
315843
881507
1585933
130611
421696
837198
1196343
770592
1426821
957936
407342
1332156
306206
721005
1177164
321778
946611
1518952
35186
995737
1412821
401120
703923
1397827
1331921
1868388
29049
1713408
1565476
1388769
1853385
1121531
1134660
1480075
301561
883373
1311965
807787
1720307
973512
412831
301455
1867149
1967212
648553
1651710
8732
586581
1763647
1365068
840434
69990
1901643
431541
103229
1317550
1677091
2018689
1577396
1188029
845365
488626
387423
953136
767743
1290679
1150779
629855
1581470
744951
884077
1522924
1680426
1082741
977677
2061604
1587789
773728
659100
1025453
717777
1319799
459826
150520
736279
1331686
423824
2038418
515287
1317881
635592
346916
889857
734118
1304651
1444167
2042051
1513654
883252
1015544
365106
13595
635001
730006
772944
189986
1380987
665035
1423290
1928081
1387431
1978857
61283
638873
557493
1788451
800450
148372
1330144
1149220
1880861
647931
1708096
418483
1201074
1997425
960378
1682359
951649
871205
1406572
1494027
1556163
1873256
70122
1050823
1218444
957273
1822599
1368100
599998
568499
74997
1314913
1294635
1129845
1874942
1748315
1741754
216496
542413
1542731
1464818
557179
2005285
734948
810162
1382755
1565388
649754
52560
1462271
582310
729166
1877041
1478337
1870876
1830139
663872
35979
429079
1773010
678276
898582
1846429
811927
1153698
1944589
773093
1801380
670809
1194897
88061
236106
1301848
1865318
1272711
713610
1510576
1836641
1042713
1160058
1798214
978863
403769
1017786
199831
1135155
805909
1773985
1668659
1869112
1139523
1166915
1761879
1920159
339073
1945916
779677
1314887
966421
1747308
1483948
544642
578605
1385521
1689104
829370
1275487
1753817
989599
251105
877160
498408
501938
293331
521252
884209
676706
238236
88960
278589
636463
1545155
164800
879837
1691969
1128880
267680
1216819
1951982
147514
1410292
273378
278127
1604602
746210
290734
375405
1325106
1143846
1756008
1504631
804630
620645
1945930
132171
532927
1684588
1350538
1040064
1794368
911623
803758
96286
2061828
352833
342581
454977
1393323
1536121
447487
402506
227852
1365653
2218
310233
997215
1443700
2046607
67060
1932854
740467
182137
1646591
1542710
1539451
694159
52653
1204496
675364
869017
514500
1233705
322111
1581642
391341
390241
509929
1875761
100137
602118
1751300
1435235
1432765
1053224
1731278
65714
1225040
512601
1087613
537272
1657950
1831555
502975
1697443
382931
44727
1542694
646657
181326
865975
424365
1663542
970456
544822
1246897
482564
300348
1056252
465057
1644088
1655433
1204133
1658950
1935696
826296
1545437
132229
1934628
1227863
1883310
1470489
668678
736363
2059808
434896
866584
715973
8138
1643760
334902
629230
531183
1542768
445749
1073648
807346
886414
1520788
1119372
620700
574384
1731990
917726
1888809
1820876
977915
1284386
503394
1411304
1010337
1607345
1944905
1318949
730767
1966242
1106182
1919448
183992
1438473
531692
774696
1438865
1897928
361817
361461
1704337
524373
145094
1210457
1038720
642340
1124769
995203
1254945
746175
1698199
1289661
1831633
1900983
757384
1285146
554535
382021
1545473
1139661
1040551
1856126
97643
256779
988797
1665798
1018617
1226347
882628
785438
712037
1215483
1474974
383748
912656
1461595
700152
418401
1987799
493055
242587
1896317
1624495
281656
1419032
1437876
167354
812522
2024469
1371714
1774341
934399
1653143
2061533
387422
1532151
1368577
591736
569982
547606
607776
403747
909532
306150
1593274
1281879
443718
57531
2016723
430264
1978146
1429030
442651
1125684
1667480
913405
854032
1414529
1620267
1708807
1325817
2031345
1850816
1298841
1495671
726999
602627
797085
481214
832049
69134
1303748
1898942
1534335
1983222
547330
1689289
907435
833192
1076210
21978
794663
1053667
27026
1929302
1291170
369804
1234042
1278331
1147348
859043
254673
1141922
1238857
898483
671424
218527
770952
876192
255128
1374094
365034
1854627
438653
711200
1994931
861405
1784385
1728324
1866356
1141922
494871
1074106
1138901
1186259
1006749
1813018
300545
292403
785661
82653
1495691
1803995
378134
1642473
1511865
662436
1360499
234194
795637
144202
1771094
1362871
1714321
414985
1735422
1319393
1597168
1708919
1787888
2019104
814674
115604
1744119
1377619
8558
1017390
574797
1768807
926195
2046810
1442199
1296780
77072
475602
1611234
248756
1886715
826110
1513007
1363648
308171
632792
1219964
697405
557143
520755
1832206
1995908
382419
323049
239866
947561
148235
1895070
27927
1912583
1362923
1458017
387937
214493
1684287
216877
1038935
434456
902101
1155415
1726962
960669
1188488
1466607
1800611
366912
1035705
1485572
756213
828081
272925
1759604
920842
238583
1830012
1866861
1658404
291467
233710
1278411
1304138
575516
634549
1528141
789619
675054
1755360
1213749
1696127
46362
1950290
1470979
1984658
1176387
841608
229905
2051607
1771965
1959316
1402804
1503012
150415
525293
2026340
491907
178226
1664991
1185930
1228562
1019403
1093059
1374537
1107568
1461320
506967
1226922
1982142
1625176
1228046
1469080
975156
273047
933936
1870680
1055591
1749896
827378
1519621
115247
41731
1256439
831495
1566957
439678
520973
102761
1156481
1260317
2049136
856459
660951
288196
1613597
1840051
1344037
647504
652664
640777
184072
1934451
556632
760050
1002326
994620
1707709
1107929
275232
1921495
1484523
152079
13110
595012
411894
1493554
1453098
1850122
940664
1032816
19471
246038
1837251
1112395
975714
1460869
1659302
422361
1277565
65716
1108621
1766729
1632226
1062234
1263006
2001833
1876139
391415
1259243
1844280
1588987
351901
494730
1956989
329906
984844
1653013
1512488
1094332
2047127
1559511
547888
787365
307291
1252051
534503
713948
2053130
1400672
1387338
88472
843490
2058439
1988720
843083
2021851
1840187
1175779
544611
525584
1113944
34722
327939
37436
575150
121931
580853
139005
255240
1315826
972056
878094
457958
1020433
1349014
2057335
698923
1660317
1619201
274215
1398873
780133
1653025
1933288
669827
374867
1873369
337494
104894
474464
447104
289159
575279
2020080
1414605
69933
260554
13534
960081
818985
2053032
902390
2039708
964832
1495937
1796938
106016
1119081
561937
576907
976433
506730
1901562
1899124
775710
1706387
1302833
1005021
634578
1104432
1276098
695409
347798
1917800
1173089
1398157
1674346
1132069
972351
79155
1163934
1541861
1495778
443120
1899670
1870617
1849003
1183456
1674999
333980
1497222
667359
1629960
1354697
1979347
1995789
442096
542353
922908
1095412
1901078
147958
1340120
244564
719323
797155
967592
1578677
1416921
1048265
310394
60956
1548402
176433
2059898
593021
574298
468105
1044529
394343
1554491
578442
1799566
766636
1665472
319406
1022684
440795
314110
766993
430056
1161558
1119126
949443
1816543
272034
450425
390897
1114508
1088943
1441463
357677
1474295
368474
1310516
1008595
348437
1040079
514839
296600
749187
779570
1819402
275233
1553860
1678576
135018
1112430
1824021
2014079
1240077
2021710
926310
499383
935812
1029125
269250
863620
1243049
833645
836964
476090
424
1247557
1879746
1848169
1354387
1308494
435701
698430
1441915
1724239
818409
1458740
763263
1591189
35600
787766
1225534
1665881
1665875
819903
1932620
943722
1208324
1705854
1416118
421053
1208275
1411743
703411
553218
288801
1296544
1186386
1912888
1686050
1841285
868074
1619526
1817218
491364
133137
757907
387745
766621
1159628
139137
1948390
675852
1993578
215798
1874706
529874
608875
860440
1192473
1151264
183004
406758
744322
527937
808919
1606736
1871777
257138
1116677
1291474
1389731
1797780
120085
1381171
646746
903470
1831325
455707
1133627
1066191
474348
1910458
2006342
139385
353457
596895
404421
756767
1958761
1705615
501954
1943255
1283069
1165541
1705195
2022855
392863
152088
160344
1470927
691785
765784
1698485
1145840
911504
719597
1032208
612263
1498255
2050178
1550638
865139
202362
33190
48118
1480220
1758857
745362
488951
946294
358711
643000
1218281
276931
741274
589635
1679892
514102
1894376
527997
75639
44936
1403990
709834
864378
753889
1059348
98010
1453003
310750
1498173
1970563
1213331
447132
1199144
1064568
1603413
1568853
1479033
1622051
339986
2026962
1576491
2008611
123799
202860
94971
553034
1572443
344382
1645583
1058852
766917
1662030
1989621
458862
1959988
654517
1750088
2046488
1055206
98033
34893
316339
347780
1642643
556380
1745511
1798375
767063
2029150
1200777
884182
1680152
1138627
1180065
1825905
685301
1248943
1642992
712065
82176
118235
1347017
1358994
1486149
375337
1813390
1739477
1725646
20968
1301718
1608140
2025542
997421
39790
1540424
1196681
1340233
848123
1829516
1104661
1699439
176942
876068
1165093
515785
998734
154124
84079
391232
1397584
1245549
1089627
1218840
1081697
56392
1561159
1525394
961322
1565427
1686510
1820019
1856243
1510928
237471
662736
3119
134485
1955421
353379
1681881
1398753
1246769
1282052
1597341
273402
571426
1793521
920590
972920
1415102
307165
1194926
690918
1276791
1474112
326419
633694
1553764
1105504
348876
704396
1728489
73026
759663
1986411
89995
808298
72920
1444740
359273
1147185
1132928
456782
1810861
1673998
195791
1241011
1847957
773732
1114789
901989
1706933
499897
24947
1721915
104310
1560477
1848250
957193
1530431
1944213
1255759
64496
124488
1134993
1811730
1633962
1027528
1535483
1504185
1432716
1836633
666612
255682
1125297
1756044
1773802
1459704
1351025
1264287
716387
1999893
835081
1970494
1025874
555411
1933744
450380
956985
59628
814846
325076
501260
1779514
152149
1641919
1451211
860906
1281929
2027298
1445042
1210257
347581
1145600
922440
1645499
403001
1159761
1750347
392729
1220811
1962278
1850049
488503
1082780
478210
904682
1492250
359758
1509101
1080064
230635
363475
1521844
517618
714885
1327658
214688
1605291
818191
1475735
370826
1031898
1827735
579610
1453008
267408
514398
1776024
1669921
1455313
622640
1352499
1554341
1302804
402095
2052996
163810
723996
1476381
1622650
141488
961875
1918962
1105490
547305
430042
501276
1636954
45955
1852152
1994171
45828
1561195
824459
1410195
1397722
324031
1497028
792632
1872517
1530910
159268
1370310
1552387
857523
1631878
1415138
83135
1648635
1986891
1798426
1995299
1186154
1676604
1042469
1314690
284840
1856334
766199
1653893
1625250
1609976
789362
180815
1406134
1819056
1621007
962287
1643369
2017917
1713030
406217
1272730
1356006
794791
756996
249552
384745
844431
1728435
456189
626980
737449
815695
600830
747608
374246
1688726
1845973
850790
911249
905275
1525219
542785
81462
254144
1224986
33871
472789
1732520
275445
563011
624280
8154
890829
1198533
1439486
455448
1585633
1340443
1028074
1857607
1166136
373818
1628406
829071
2024824
1490976
1596739
949000
255389
1612923
1683496
1939896
1701235
1052244
1380258
756695
1482341
43038
1088924
1125447
1104304
1891397
1662750
1070376
609370
785506
1969218
1186483
47862
1282188
509300
809070
301226
1070355
686463
205537
1338708
1246450
141307
1777023
1239644
1689996
931511
727345
1886516
929291
798588
1822672
637324
1979853
1241888
2064656
1316480
992733
1687120
1428228
1202299
2019464
880412
1314438
1818726
1265571
1635733
543797
1251890
1354326
1939618
262104
1002660
2047557
1148737
585266
840282
1338374
1089018
1710147
2004524
1519257
392873
1985421
676038
696661
956138
618115
1956326
818696
27234
785658
874513
710239
955430
1674087
1185818
650933
564367
1083445
1081954
1111987
853144
588720
1181967
247466
635803
1865902
145685
1731147
2067008
847381
1490489
115611
1201532
1185006
722022
651875
895907
713882
1480473
1147866
122673
7635
742373
890360
1051409
366016
777574
1550990
151834
1666588
229226
1321081
1254095
1629755
1380076
1891237
803298
125721
657352
198594
1587715
900112
786993
255506
1495570
415339
833093
1507364
40770
1390136
1082509
1360036
962785
1075251
1493656
968489
1125877
570856
1333224
738536
607356
1256793
1444690
1948826
1370667
1882132
375015
1462839
712026
2047
1060817
119595
859820
1543838
1327906
603875
1948969
1795857
1314590
1160020
321650
1239833
1887125
1528046
1693402
478356
2021640
1889566
1645331
606370
1166132
768362
1969608
658923
1196868
1922523
801914
996270
932045
1203153
1968631
1059007
857365
1982398
2061441
1566836
1316238
1269813
647029
1164908
1388210
656876
851827
1396788
842771
1088759
1451035
1160818
1139193
1426332
606080
427498
18937
1593074
2029000
651064
1409221
1248648
162787
1753381
419164
545643
1004222
713062
1736784
1274187
567201
39015
1380012
1194833
724569
1698804
1384173
414745
1277083
610456
1410896
985659
577692
168628
98176
1007975
207681
1338114
2000204
71595
517698
854303
1337514
48372
1048381
480174
1683968
1691878
1633043
545207
247946
219959
656596
1311838
509150
631867
583068
609432
858463
1835109
2065214
292226
821211
924781
1756159
550379
1865874
782698
994059
569653
1637622
1181194
502267
1018367
193534
2050143
2021276
1548658
313514
1483603
436888
291327
598585
1200076
711757
2035503
1146941
1487911
1805610
276082
2015399
1284006
1253647
1955171
99503
1475588
1322247
1086136
1276079
53463
1396128
317046
1113829
881362
1662000
1401568
554449
1358207
369261
1231522
982245
1679813
1331182
800031
1599374
741108
1435054
921817
81084
1436780
1055893
25197
722539
2019942
1648133
218088
1213533
1060031
436358
1092722
401725
1927184
1863311
1882029
1651469
1717236
1186962
167895
305465
809956
1557234
1640532
1288445
1544830
356402
923364
974593
445580
281450
1598236
1912946
790346
624738
207343
1679746
590073
1414490
1944624
915931
982361
1238920
714378
656388
441040
811244
1036927
1327864
1115888
1323023
1971374
1921808
182956
818143
1152279
1376250
1235417
851337
52597
1546966
1148012
2067475
25727
1102517
127392
1184806
2009297
965085
1394909
1999898
1915190
1790172
364555
1092245
1343809
1167251
597868
1375693
695820
1136776
626576
1327189
1527738
7011
1959646
847118
1473948
1560989
1680578
1146855
1271269
1121213
1710669
586141
1820134
1749283
576266
1335343
971813
624473
199359
1527400
1919328
1838086
973829
1894787
709138
1387046
1562166
981519
959457
1286927
220013
777189
504684
1320844
533242
1476546
1965801
758037
108507
447422
896002
1662764
66782
1013693
359805
570641
290448
1155527
784652
896612
568871
1572426
79885
937997
2013776
1284137
23064
1401443
1388212
686322
1613133
821365
939059
1366281
1682265
559605
807702
610665
2038084
1766922
296735
1160106
294509
482492
1160076
513429
1537559
329626
680775
1040914
1408276
693333
1664527
817455
1839919
461352
18531
571582
1291731
406061
1224172
754633
508162
202342
523963
1862288
1736378
1366741
193833
1491362
1503118
935313
1238895
585315
676709
435811
1914024
584279
1574376
248609
728966
691841
1139673
1102423
793283
1944485
1288602
1157948
1823082
1335578
997645
147614
387609
836653
1215905
1781801
377477
1588948
1595874
848147
1104466
747380
2020000
1938723
1688446
646786
1956878
1863853
1125170
564006
546494
1184174
1485859
895322
2004326
1481566
446364
1010598
17842
2023631
1282659
749000
272820
587232
1129974
1731926
1433066
887433
83340
111914
1619259
2029570
930669
459745
33936
1671869
1444304
1826769
988849
838333
619636
1639096
112324
845297
1681979
234976
649583
1808085
91186
981213
862227
1213613
1151082
677493
1587884
649853
1299386
1020508
1233175
307879
2010479
1071631
643356
419504
1973240
2068152
1078934
1601857
1639460
1469711
294726
1227570
801635
415818
1707754
791951
81695
1179399
166329
1641162
1473806
1645317
504520
1493297
8015
1119592
66217
412519
219356
317131
571599
493856
668880
1429844
1502233
1199748
2035086
1153181
1930436
134211
305532
1264366
974252
209560
1239328
1958074
1777447
498304
1547498
1117154
786328
861542
1694120
1063050
1133684
1995285
834987
134141
1520157
346809
1196022
1343155
1548827
1658485
1021121
333289
400142
1171077
1693355
531732
681520
104639
1167171
1997129
668822
1864824
675366
990278
2003603
738847
271006
1566433
1257283
1081474
331638
561193
690384
1176604
1766348
1045990
811590
1142897
1186166
885559
1280646
1368648
943809
293508
1018933
627084
286853
222393
1237803
1465749
467986
196296
1876108
1032735
517853
1668179
1669078
206137
833667
435276
1814372
196340
1135935
1368935
2041134
2061650
2045598
587417
1466558
237100
1615402
1160634
613672
662704
423741
116934
1772178
1836870
1695024
1081983
148846
149173
145877
1079821
1587446
1232612
1636093
1067706
296378
749487
734300
389204
566178
1226446
1607327
1164838
634126
705285
935906
759663
1868845
138775
1180693
278349
576109
1530639
1252631
683829
1661922
153112
536543
431671
1914674
787709
1035026
533460
700671
1093456
55201
1315099
843239
1143297
1128396
674198
901356
532286
1878179
1514610
841357
828075
832603
627495
106343
817138
1301798
1768344
37957
191714
120471
749317
1706715
1051614
296991
450015
632712
518346
1692745
904105
1487407
1341041
124102
149856
2038966
74799
1088369
1279677
938312
534594
150908
2047491
183319
1789382
1145230
311654
490314
689090
1297175
2040459
1740446
73060
453723
1048301
340761
64642
1075683
277139
799439
1509167
1687025
1690286
447243
1640388
573920
840725
1014791
66484
1895568
2039538
748579
403335
1743473
1069837
1578620
885029
183568
2063792
1322490
928402
1013392
1186805
824
1222366
1574877
1869270
588113
918148
1106057
1086064
2014664
1292501
153168
605803
552654
814857
1016017
327387
1968919
1283113
26939
1467256
315479
1442617
1762637
414419
832080
365061
1953046
1036255
1068072
750145
1448998
1201048
1718192
630682
183098
777934
1089316
777026
1256719
555082
425784
2002278
1926350
1108088
1785299
350172
1091089
1924915
1673730
1809700
1834097
952867
936680
1970164
1914821
1470852
1288525
298824
15702
1361690
407235
224575
701059
444709
850338
1368424
83642
897360
205794
2047710
714690
394831
775297
398155
1283948
1124453
336745
1760890
1379737
135255
1271590
144399
1942761
2044717
502779
1912033
1612739
739962
270962
1241016
1530607
162524
1826678
1490325
1262074
1120878
795585
399593
396748
1176751
1628636
15185
208092
516754
188467
1202918
1880798
1489950
656949
456028
554942
1760914
166252
208012
542563
1403425
698663
1417482
663355
1128157
1974433
2000388
1529244
1588771
1097319
373905
1664624
1068417
1635764
12959
228324
1462091
1960937
1729284
507664
1910554
808446
785545
1586476
1392207
981127
3235
109475
1904335
341883
438577
1421807
415753
336545
2000913
1696759
1391579
493501
1580917
256668
225973
1448562
221530
1110589
1546386
498508
1778386
955408
1792801
683158
972787
1399148
217733
1159965
40586
1295251
698197
642994
385340
1626913
1619137
14293
344497
954726
1262000
295239
618133
1341873
1176808
146980
526584
1726990
218770
1234001
1911442
1661428
1933296
1996970
1512351
840678
449866
1257973
581553
1628568
1990890
1511573
828358
599486
1961162
1687055
138047
238760
1639711
1198100
226902
873740
524124
663902
873708
1487786
1653575
455085
1856255
442320
1089389
1104133
190181
856954
894925
749938
305871
375411
718649
1210873
599689
184293
732144
1282025
1017245
1680505
930289
980597
1028929
1767441
874470
258991
327339
2063727
2036817
73014
817661
694875
1531206
353125
77241
66854
311643
1547396
79670
1433876
214440
1927266
1298049
667140
217367
828173
1514288
331516
2067858
529833
382975
465465
965929
846514
2040771
1518526
678466
489043
1673799
1159615
1078530
1922927
1231637
2008215
1564955
2038902
443977
1830760
188996
1076531
1116042
922424
216793
496272
915449
1172513
1840906
1959177
1153055
1823150
2049762
847399
1684941
1064939
1298387
1187283
750126
1544185
1118193
810693
889830
110268
1130264
1269075
537881
1754013
333444
1145852
394332
1480154
1167526
1914747
1801161
1557901
109801
1813684
1983832
153119
357171
917006
16150
1153665
1640820
473047
169558
1330274
237940
1761718
303570
618352
1560991
1944847
1235747
1894913
335319
806901
142330
1516105
1582303
456239
1064879
1545837
1067449
1218952
697515
1923076
506664
1094132
967775
187030
1558110
1466313
1116714
915232
1047587
1886291
985570
500982
1437606
1553759
2039103
1125224
199762
573776
1694469
1214493
867471
39984
10653
1442032
708295
1610739
347953
1084256
1423382
1235856
1242716
1009746
427616
1996860
1031221
514143
823131
125553
1688397
1558188
1174834
1287320
1370703
1396636
211867
767551
569426
1218875
356936
1777610
736322
1423366
210742
107173
874166
952042
215887
1680236
385085
1718708
1665535
354615
94067
79676
1663514
1886287
1752243
882745
853181
34652
820795
1621219
79988
406992
882565
1347684
1769930
71559
1355389
1457506
1669712
724519
1186826
896484
564955
1170030
961759
949696
593316
386867
1129817
1931814
105933
1696766
1558083
1201227
644476
1830389
1160810
227416
1787119
1416812
411829
1706827
200026
1806017
1554364
1989798
412343
1130035
1067057
1884998
1584922
1035708
619740
892347
2034474
838762
1587926
1135590
957353
157381
1795703
803692
1385263
616283
1469554
2039574
1617753
724240
577781
567391
543280
1171902
584385
1376883
705185
1044343
1943887
455138
164646
1784103
1039213
1757691
302775
1329522
537315
1876017
384459
1608129
622386
879497
1674123
192700
456761
1390870
1347111
135672
1712859
413716
1221054
1528440
1563473
520171
1434416
943350
1395087
1536666
108119
1596134
1581003
1140742
458060
1514065
1605523
1557416
1800392
314746
1208914
1663778
820520
1204643
377999
2032826
666745
1186739
1927348
234634
11831
721126
1676964
712995
684965
872946
1127739
1495284
61063
1734255
1958537
941794
1385100
1119936
1996106
484420
1681215
1134239
143043
961052
1019771
2001687
196904
1496786
585447
390432
1291206
197494
1586489
81441
62352
1161434
1406692
594511
1983307
1030978
1356626
1899901
921881
300254
68532
1302692
569066
1414462
1331007
899422
527278
1573234
568737
1847762
1123336
197168
890942
1840078
903630
1511841
1816005
1510260
1788506
687047
733713
344733
1794327
902581
89214
572756
544950
1133082
269226
916956
707018
725489
553254
1482042
1700548
1407444
915582
433809
937593
1101630
1540588
595680
925753
166132
5732
69998
732686
2030806
1427486
1001827
262175
1409939
189149
1473676
252953
1815486
346908
1612678
1583014
1162938
297227
792782
590467
686564
1271732
1743166
212084
1940022
1552525
617914
1531536
649104
1782346
1256301
460368
528960
707840
76187
1555290
1743731
857539
440491
893309
1450206
167133
1243657
881861
1751131
1208839
1677525
1583404
1974682
1605045
1000534
1800589
1043164
1964160
827571
642462
881522
601358
109819
1906185
1678544
1608169
2031422
1239985
310243
1175068
1792976
2017882
1283237
2043575
256574
1925953
207879
1252648
496722
554388
1266487
1721688
1018745
543189
1096587
554861
992256
1702351
166004
195139
179958
1575645
1593591
101873
848873
914735
292702
207357
733117
1412983
912513
441960
539739
1613142
1120042
1398066
1316834
357492
1811376
1738812
527020
1567278
602585
474524
856681
947121
1976243
974168
1524366
1953190
392039
1790985
348037
1174290
1190682
1205156
19656
1585284
1353250
1493294
141526
644306
441101
1892758
604898
1528618
712288
860554
123480
1503036
317305
23657
1075711
722392
9110
1139880
3821
808295
980135
144091
240359
1131818
1660426
788435
269398
1020370
170314
1108973
539247
1275926
1957425
493744
2012139
251057
263393
1477772
1468183
191318
1965383
431570
1767329
121441
838082
1689106
191390
1541310
946888
539799
2041866
1797875
1461419
1117481
2057224
702257
481506
1674689
832529
1684793
1089604
1884663
205787
305241
1208578
1743850
1654570
456293
1173616
887840
787110
753531
1880511
1766101
1345075
1854850
1987106
649327
1961414
929027
1924134
296210
588227
571861
1432541
1224
475783
365368
813300
400274
910625
121216
88506
160658
845806
396735
396876
2010644
728481
986296
1835634
969061
591111
1445695
345016
1263381
780260
199582
2004349
796669
677186
1103583
76207
925927
729637
1619143
881392
184286
1849285
930020
851082
1575217
119285
1291201
850264
1676248
123094
1029821
1738100
794937
66492
1451808
2025247
97345
1772950
779505
17168
1750170
1837947
1683378
12616
518841
1832062
563695
467293
1089802
1698638
1330659
801347
1089634
533393
1536312
1089263
1971572
556030
1796035
1311117
909292
1586489
457356
1252485
796677
1412163
1211607
1929773
808041
968146
213889
226755
142591
1883477
431894
353148
1636021
222750
363141
1453474
852441
1791064
1140383
24307
1503997
642753
2031100
111323
113590
779417
1652499
164014
1234201
825205
957486
1197744
439929
1430792
1287443
1852365
1215880
305378
1630975
160792
1637054
1971800
1808839
1446784
1558366
1493350
1022637
43920
57780
1970278
1900087
390516
261396
1561007
19475
1233032
846502
1559990
1449807
111258
1670997
1189396
99034
1359620
1242198
1556246
8111
1266459
1773637
220797
228319
1400862
1456317
841736
473472
210633
1837397
1545121
1744922
1157793
1591002
1806272
1955615
1892006
1132307
1835859
1582686
89607
61508
994640
737940
831722
521046
778549
1648632
966832
1169207
1845868
453072
294180
1502435
1812717
1106529
87908
12852
1806721
26454
1565828
1841446
1840988
851405
1548811
32329
1679889
905414
275694
260755
1088615
1149786
744946
557614
1898543
406240
1347731
2057382
694566
1722146
1897002
18728
96247
716204
216356
375798
807405
301003
1216684
94374
696956
1939648
2041498
744779
1469556
850509
810891
1706217
1753689
2039138
565172
305729
1957890
371199
468171
1755734
636348
837081
516400
741214
875214
1222026
803579
1201513
1075570
1016172
1500070
41212
642007
1260659
1857755
1121817
91580
1176170
1429952
377652
923331
824957
852437
671958
1481159
1700837
571466
1526641
580245
1360352
1438258
1226203
1322842
1073320
1522153
1021923
174782
2012286
1362035
475809
1401283
1555214
1805837
1167516
334779
827815
19429
760387
1819543
982501
428887
1883178
1912366
1350361
1350160
325821
54824
471102
271494
339108
1667311
981567
1570120
1918320
599490
448496
554720
1723511
1111185
689319
1761452
355617
810989
1524146
2068723
1198678
1565130
1372599
1632513
1329652
671464
1196295
1837956
266332
879606
1592534
61250
2020979
644800
1589710
1138100
230789
1573407
1073585
13016
1183444
1962996
62718
1434465
970260
282727
334949
722861
733641
1085507
1765343
1501284
419754
542576
1024304
553066
167660
574910
1267728
404260
1449635
614747
801312
1034271
234916
721811
389779
2612
1749491
755517
628547
11001
852501
1134945
1119749
404854
210304
2048250
101267
480997
1147070
1956555
139822
1940185
316396
1696951
531082
811898
188023
894286
1387366
1268012
672957
872683
774507
1434004
1509468
147898
1255432
260205
403049
904389
1661676
297661
525897
1649548
1561857
1674515
37952
1803903
726536
913682
1583012
81141
1502196
472447
457441
150264
1147872
422817
1586902
853312
1231484
1031932
1202223
1573945
2017122
955882
1988759
1029718
767487
840508
481635
307769
1924372
687528
786133
1104314
1479838
1933449
1940630
883602
1250042
1860301
1482351
1365473
1674716
432418
1740833
2014094
1078153
507345
951014
489809
947866
2045520
558614
397642
1200699
882190
861824
1139942
18723
185082
893599
1518123
131168
886701
1222793
202398
471668
2025746
1403025
2047103
623696
224752
62899
54802
1402726
1911112
992384
15560
643420
1585802
483593
885751
1102911
1826654
635628
1725364
1665542
889173
1387320
1643104
1148965
1872953
440475
1681577
1444190
1052635
1561316
315781
1206184
204781
102965
1147882
117647
787378
1230401
622890
1731812
813476
1647921
63337
112524
1643108
1427144
351128
378575
509021
833065
465345
424655
1472076
335503
972737
424451
1147926
93959
1210416
2003552
2057547
753314
853148
451590
1518838
363324
326542
1921866
1417214
567737
1695432
1395921
745213
2036379
1330602
1695184
575891
241087
1530780
345253
463144
91419
685526
1229354
1367325
820822
602288
760824
1169914
1060585
977163
1980142
647431
375621
1188139
1276118
199666
1012825
1872210
1950658
1536952
539848
268775
476006
424781
1902907
1973525
464830
1913793
1920413
2025887
143283
1811869
268194
413824
1554620
30700
1020531
756372
1172115
432484
1428114
1090712
1712667
1793005
2034632
1157806
833138
1835572
761790
1531241
913423
1602214
906721
911180
1103529
141693
1257504
1508389
45203
846843
975444
1962128
1055102
1357519
289325
145316
1469261
1683813
1637674
842473
197300
1344144
207178
454978
1635511
646032
15359
1421116
2016313
718338
1194124
1866464
1979156
1306686
1568215
1228484
322358
794523
1396739
726802
363089
474337
399820
897726
1843958
64597
1280986
1313998
1057904
640242
551065
1360058
1881072
536113
1118418
263089
526128
41368
800219
1512807
878973
1286901
96204
206841
1797462
877668
217405
901398
907739
890190
488184
1176184
1444752
1580558
1084740
953741
1023072
1215949
584909
2013989
224322
750991
106376
1343783
1271993
1237748
104921
1780325
1934550
41898
841393
504521
596054
404555
1580980
1301364
1831922
132942
1617665
1955876
2018206
1895590
902552
1413845
1001241
1934458
443631
318510
1099265
1038566
1962193
1988271
1463282
1667986
703352
1498089
1711970
1068825
1265216
1437964
214377
199783
177235
25256
1780004
308147
1572044
224648
2044549
1236199
23547
1164755
1422216
1045971
1468826
1615415
625684
280819
746978
1427754
1763015
1289953
850092
1180816
1847512
437728
1282156
1819136
1686821
1398461
686614
1765984
2022084
630677
1204267
800093
1936434
387993
1011906
1101369
980272
1189900
1567992
1820435
1883121
1282947
1019223
1270277
84997
494977
1867338
1703044
1412365
448552
164393
1551903
1471757
1995057
1926851
140800
1236835
584351
1502910
908876
1835838
192000
1329606
1609168
1234862
1642235
230864
229638
852087
942681
1891424
1415352
884829
1291945
1082496
1858439
210897
1367835
431074
1210204
267153
1672049
562631
1415247
446397
1491184
882640
928051
1306530
2061222
208213
1865464
1047581
1277442
986743
364568
441165
952561
1370023
637990
289192
235690
798172
2008183
1266203
1174773
1497925
1464027
648815
31140
672067
1158403
1987722
5282
375555
1640341
74163
2023576
1487649
976934
571977
1325264
246298
1976193
909326
911179
681052
422552
1311642
613759
1683761
1728212
1736598
725722
679742
1547605
962574
1429632
1413214
1175877
183563
585773
879225
2058894
1685394
18454
878149
770795
501376
405853
474260
1331968
789874
1082566
395104
358742
1506291
1421460
1896782
1658300
1800165
677512
1221900
1725152
1728307
1771269
1131276
1477570
2063729
822128
434893
1676188
1499847
1555670
214899
116600
311564
1007438
1619907
1500689
256318
1250856
1646801
1314813
1148919
126635
869377
766673
1921306
519277
1846008
381128
940914
895739
666224
1787256
1268987
1665635
1798827
1515920
1384246
596994
981993
1064198
847751
2020097
1851715
1583524
31209
2048293
1580640
104500
1580679
344318
82083
484720
110859
94139
373680
1383173
1973052
602515
1628187
463902
1258829
702961
1684638
1628534
927984
407388
660872
1461086
311044
302347
443817
1077957
1749747
13782
565465
1561127
1776226
2004321
109536
66776
363081
988556
746259
75524
1143488
278299
1167098
1963461
241089
828149
1865055
966431
311620
880527
424365
1048882
603854
886316
1567591
1848023
1958034
1018142
85497
1139899
605260
871923
1244336
271012
481128
1230006
317039
1419753
468017
960872
1758211
438591
1593183
200156
580656
1288310
1846003
44732
1903075
565086
1843665
637857
973584
1187672
1185578
836958
1564333
488684
1471378
1921151
505870
671270
1922190
1000729
1092669
1747910
1100713
1090702
1727033
1918248
959603
870788
1696939
1908237
524458
1203169
971371
1925210
1341304
1387433
781143
90171
193150
587886
726444
344690
229439
1518108
875553
1952014
291032
1697038
1372629
1307151
1681350
683345
651408
1727426
140835
1851658
327101
1693354
1413215
304736
1140979
2062327
1569733
1829599
342250
526941
1800957
1444588
243563
954351
477976
1241664
167678
14208
1824114
1317944
1373916
611072
1921899
1967406
1406635
83145
2024831
604733
23919
1812707
1563501
157547
831614
418553
917952
598540
2041326
616651
815426
254999
1766898
323882
1751801
782467
1494532
1905975
1102634
459088
75936
1124983
1975344
1942599
1672123
1174161
903102
922342
1996858
647714
1181021
738747
1783218
136475
99341
1028450
1760100
1376072
1772415
823183
739972
557572
519304
1604713
895358
794501
1664638
894143
1978080
811066
497851
619647
668940
1522674
1112932
1445582
1389472
1386881
932460
320555
1535551
357295
1432698
1297587
1895565
188618
871842
2048117
1065996
1676645
1724154
1625212
1448895
1559602
634959
1813812
1589656
1405620
1779535
27826
777387
65753
50136
974156
309861
1777067
1622187
576405
737540
1775835
2034361
465154
779478
1275270
859044
1475989
136310
916870
952177
423977
1537293
1582971
935754
1195061
1726644
517107
112089
120121
549575
1211201
982593
811829
515888
1286531
55599
1792287
285584
620815
677646
2027406
126889
1934247
1066858
1914608
1364102
100063
1359893
188152
379371
657402
993147
48739
586478
2034340
1356931
12363
1159754
790653
1459884
1575948
2032258
289870
1094005
869456
1705360
348740
893582
140849
1317403
905124
858018
602151
960274
1198800
1228962
1240877
1096027
453617
1778296
218973
192243
1248284
1323283
1853532
410375
635269
1920230
1304837
1607713
244296
1395167
461439
1509395
944040
1686287
1584278
1711167
144512
165506
961044
1503796
1919096
1295967
303216
235713
1069001
1635042
624859
388003
1386268
542480
102238
1458561
2014153
409605
284709
1703963
1859125
128020
1717887
840661
1269375
203907
344604
30792
1940888
97683
1456155
1388294
1272478
1124943
65147
1908820
95484
223399
1392560
1436147
1156566
764063
759875
1646682
272679
1949002
1360881
404078
302236
1501743
1888210
1905352
1849878
846867
1699415
701334
779476
304982
436892
1301653
345174
1009630
155444
658076
676188
573947
289942
374378
1675490
698015
970173
293505
1060102
1554582
474029
1313805
1566452
783606
809240
1512527
955527
900396
878416
1888081
1034472
1992080
612645
1598993
1062169
624835
1051808
1070810
947031
165051
1042031
760345
656644
1546823
203526
1917152
1625203
1659023
999122
2048242
1125849
1042817
1051577
1466872
1327711
527381
2049614
1527354
393866
1996949
195721
1675390
127014
1815869
1809994
183532
1511551
463980
523523
333228
1244937
1825007
85988
1876578
525122
161426
1483969
1358799
1839773
501870
1693982
658686
51480
801988
1549186
183865
636702
1593414
1075584
1440093
1080586
1023555
153657
543182
797614
1612389
207129
1732827
404904
1893744
1621175
1848009
1242619
220685
1246998
1374030
121898
514363
1673835
696757
202487
514324
1673304
235631
1007842
320198
965970
1450019
1782743
1960515
1110687
1048394
1161452
1857578
1205629
1150009
330321
870933
452620
1410429
1628546
1988178
345521
983468
375981
842158
1754371
1458594
599456
1360496
416092
280257
1549803
407378
311681
1980598
1909260
1902028
1477205
307142
103577
628922
1067730
91504
962474
1172268
140373
627491
583081
272403
908378
1175865
1073068
1245640
1111677
1545956
1083411
323387
315736
350670
772855
713657
823620
1459415
736612
1178403
1413499
1946051
512947
263599
1933024
883592
863851
1479805
1941334
930007
1958780
1205737
1235078
1756735
1808442
1809324
168656
1330781
1275333
617019
1034475
1580880
1190774
1013095
1348845
2030079
1187888
1654672
300020
501166
37911
1475870
1774246
1720229
1708340
629945
559140
3690
400113
1567297
1057650
807796
674686
338332
330377
820414
1612863
1600691
1113558
797328
810994
1647628
832035
507457
226317
1600391
434623
1647505
1413756
1848648
830370
1498482
453802
473141
1349686
1808099
1660256
845330
602105
910979
1419350
462013
891266
734981
1957357
79685
663316
1864091
1424840
1464535
590450
1867133
223181
1030849
513092
1137827
1620398
1734390
1063098
1072652
593730
2061333
1657387
1598170
1232754
1850333
1697164
1659536
203046
14552
246087
957021
342018
391001
1223041
266334
1268113
1878710
1226509
301308
150593
1563974
876782
431219
969765
1025154
200851
2021879
525670
1845125
451421
453790
1109273
166356
161751
698547
1271458
185092
2068300
249561
309122
1343228
1988823
131531
1715706
1888611
1864569
1485456
1507608
1771684
1029775
577201
654523
2064501
594861
855006
1718753
1143402
623664
1590767
425572
1888968
70835
1816570
787382
1966331
924917
542405
1276901
2659
1225730
246455
1258180
1184750
2039716
335052
1268505
1861792
396147
1729920
1804540
578765
1843992
768834
1412831
2005086
1226014
476
905923
945973
76535
816113
204371
355062
674584
578201
1834178
1361506
1402769
882160
898552
1823899
467093
1008556
1192192
1281087
958940
1104634
2052523
148874
1754459
1652427
1016121
917793
400283
1307185
745309
1631486
1882379
1873760
1904719
873680
1414529
1689358
347593
1221863
628537
1116134
1340240
430110
231085
354440
87348
1136975
1438877
744652
50491
1441574
1285077
124170
1140125
554428
470482
217333
229727
1497304
440467
1340604
882873
1341266
748490
385387
1226027
1860311
237247
689424
1085370
1445261
1756300
898455
1650501
1238770
735892
1348441
1506311
994516
1726219
1002278
1030670
572670
2063417
528928
730385
1158976
1993202
1765169
979016
69402
30615
1958900
1972030
662301
1425222
947084
736636
1593718
1643760
1648796
768230
1675570
692353
1531568
790219
843301
1511259
369460
684844
1040865
1378482
443412
813846
164697
760576
176778
21468
886799
573373
589710
1301135
1407673
1616244
1828095
620275
118863
904025
1349918
429665
1216557
903656
1156716
107306
1081074
1266633
455704
835613
132406
218797
409624
1744594
1804747
1978537
1892026
818051
1491280
1679868
736871
1505883
49537
1009967
758765
1526693
1916870
57429
366656
578114
862226
814830
1715946
2004170
1037164
1191795
1954740
434601
1697640
853536
427566
1311388
647603
857935
387860
1874685
15446
503795
1494702
308678
814647
1514199
1354173
1906760
1148011
1499484
443147
1175812
1051590
823889
731873
829820
1457830
756180
92495
205976
1949481
1412183
661484
929564
1954413
848708
701175
1962382
713235
553854
1003282
149292
938671
868578
668449
2056961
938712
960147
1291294
290517
139040
1038410
1784279
1763445
1525983
1641879
1444502
816658
1220778
648087
1423041
815886
1892185
1514947
1920643
1995740
331362
987688
617690
661996
1891144
766048
1039488
1269777
1107927
1251623
1204546
1384085
1870941
1408687
1014224
2038173
1979612
1925096
703122
982663
728423
97928
201043
359857
1260621
877669
333353
1756331
1033755
1976256
1038479
1711845
894570
881416
306919
1698135
744551
204855
1656883
1555602
655262
1110140
2032879
863575
710899
885469
1284098
1944875
1812339
1567936
1197348
2064127
654766
1913708
834999
2055348
93783
774925
1512376
1991913
922488
1415743
1865897
1546814
404841
1203618
1155813
792544
899540
1681673
1842949
95768
162898
1434587
1736719
836989
1425352
596563
1532019
74477
665143
1793185
1221824
1103828
932405
344204
1541837
810724
1263787
1730682
489244
1710040
898102
880228
478226
1394482
551098
1916930
1218357
830990
1585938
120208
877310
800895
648533
516462
159237
588106
439516
1238986
1297466
249770
1639939
1685179
78326
605623
803027
672192
1731245
471782
2047387
549079
2054702
865519
353460
187856
1405476
1416726
1449436
1272165
1354550
1839589
361409
1936940
1314258
903403
1193212
1135872
1636151
777685
1526035
1857486
760527
53040
2005364
1077832
1976658
690075
1975482
1683115
1621649
1659765
1013610
281564
587342
996077
1889500
556649
1400934
1299838
1354753
561441
563858
1816681
213637
299303
1359350
447634
1558003
1188279
1856336
2020461
752271
65197
290335
1463669
738659
1441448
739503
1904208
416081
84463
1815102
654909
1266148
1787285
972724
529797
717046
1718939
758868
656562
1421733
1708487
979478
523624
1356513
672282
2002885
586273
852067
1078388
838363
1681285
1453512
690419
1438649
1600764
1921425
1920483
1800289
1003640
1274970
1545769
539476
940745
1049089
1530533
968532
1652175
1407180
1219212
1036462
1144920
1101081
1044900
1370050
1428947
1345545
1642999
1265029
35501
330358
2023700
821040
317360
2064514
752455
142635
574476
931843
1341739
631732
2022806
272528
571066
614458
1634275
1183665
325232
1158986
1373305
290663
773355
784635
1382652
1410530
1987727
984547
705195
26391
553867
1760002
1373426
775608
1017359
1188836
230832
104018
738863
204292
1004754
920020
713686
119840
1115419
143471
1256346
1144704
55706
452462
523463
526866
1691156
1544417
155622
424246
150515
854368
519981
1203200
1338719
1780800
155125
1261621
216157
1659491
152968
1647032
637701
94612
1134295
113679
2025748
1657256
323019
184646
1741758
881827
1957703
1654358
1266077
1793494
391518
1554651
1154230
224542
413858
2029955
912788
1486314
1285677
112720
918836
1646643
1211661
1607898
562682
1479751
1035519
157191
1500091
652017
648471
568136
472348
1141750
675642
971482
1793093
1091680
1818553
1472306
1581559
1730472
626118
1036911
1751137
1532117
1956640
425127
1102182
177686
1238435
197879
622867
162696
463289
1875490
1577357
1243883
412194
1022956
848909
631078
613994
142884
462282
973621
179462
417498
1683080
1447315
1883141
196231
930882
1689582
95273
1742193
895989
1670115
1296851
851126
65310
1681846
1825982
1145689
256933
1910896
636278
1192707
60232
1016770
224670
569107
264963
204576
83896
878383
1884591
744691
1799379
1373930
1093112
1421177
1482675
1249354
870985
1139096
1957588
45605
1226203
909485
918465
1279495
901982
932201
871980
1193114
613713
1969076
174730
1426502
124063
199305
1179811
1399014
817969
1536959
1301035
1346965
1877875
1353852
1936263
412328
430084
1750271
1583720
2014512
793519
1475672
1735759
1549128
605491
1042067
406275
691856
1431714
1747688
1550901
745271
1556338
285589
1866838
619403
687854
1038958
1672229
1452431
476218
4555
1312289
212052
315950
811293
287339
970584
1019585
924238
1782651
288161
1603702
1786608
925637
623511
1371120
180597
1676382
1193806
1850348
846179
1470166
188124
1378804
1385852
1745214
1387646
1717243
1704194
1957857
1588120
1772908
1211626
1142384
99564
823401
429630
254973
26525
1516445
385931
379256
365045
1774988
801922
1973024
562487
1079698
1487380
1221578
1871607
1783456
828893
1971143
1819231
1074202
767301
1142141
741794
131871
1037363
1022514
1497024
117599
143084
63259
1463458
1726541
1476765
1935024
199443
19363
1157197
263497
261678
1683089
681845
64321
1699093
642027
706319
1985512
1417077
1045536
1071771
1473035
723851
1409977
1337012
285115
1224014
265868
687680
1446833
1483198
1335420
1894043
1968467
1532660
97165
396985
1126984
1546887
1071058
1958580
907489
674058
925317
994243
1529379
1025568
483010
141204
1318590
417619
207383
763449
1720993
515289
1423673
321163
771004
342307
1037406
1957179
591164
2055438
260033
185169
336435
570470
1659992
724510
1231732
1745153
333391
114881
231508
1488154
1100292
1660955
993439
1842048
1453346
576036
2065504
2065912
361910
1232669
949576
1728822
277048
1290958
1279403
1224185
228265
1061150
1537939
674019
1380651
373618
162331
771306
1855238
1891509
1434607
1824670
1157004
1124230
473088
15952
98015
1282990
1489713
1504543
1145336
1135112
1367429
1532696
826299
2024114
612217
357381
1414452
1211860
1431337
1062277
1878916
1132223
1921204
1306811
934642
1985011
318392
631664
1429132
1088452
548574
1613877
545548
59654
825723
140873
1581400
1509438
1716267
1044727
1681272
960218
1084534
1506214
1318640
1793584
1766246
213762
1062045
427711
775356
595302
1451931
2067649
1018342
754564
2059083
634082
1851904
1758590
2001471
1386608
386707
465430
1364335
1692177
503416
447178
1949389
1048386
916596
1184601
1296078
1501884
1668942
248837
206016
1039053
1042556
1107589
1283737
1681175
126713
1633620
1157393
1490828
1120021
497115
519289
845145
1425010
891819
350603
1411276
1907052
987613
311299
1926319
340096
332149
1279578
439177
1258283
254272
1869263
1774212
1240724
1037710
1118182
438638
601028
932018
1326350
1527621
1880546
811788
1400098
1802973
957186
896532
1446602
266094
1993657
76354
67254
1939793
1837608
1389761
1293289
293521
1920052
1602918
1446141
876017
1795426
703463
1237568
1496508
654705
898545
1534204
1151596
537521
1664104
942108
1524000
904774
731352
717636
1524304
87228
1827756
472555
41640
186208
2057000
1675235
1735460
13501
224208
617145
1413971
1054580
251413
231913
1646073
803801
1487791
1867726
1671441
1272283
287676
1522749
1516825
1916747
1696755
147299
434493
454309
1657364
727033
1354374
1861934
401906
1070252
1166747
1453736
1610440
1276088
1864644
222233
58908
1551366
1467279
547338
132973
1508199
1613058
1722440
853527
1679522
1001206
2048270
977217
919049
696990
834953
2042181
2028950
1551682
574309
1801471
29723
360178
1622955
3247
278440
248014
453426
1218443
1232769
1467049
592828
1160944
157669
1450964
1852882
599244
1993159
843403
919388
1999553
1710759
944449
1693436
995550
759248
1417735
1742040
982725
1582526
693913
232672
1808371
503272
698348
641374
1479306
329224
1368536
19817
1888454
56471
659355
1687210
2064014
894711
842790
1496207
2066899
2004955
90700
1586785
1463612
60531
2001832
849767
1563649
631224
16898
704551
602395
1671466
711970
1886266
293018
1728647
38534
1966417
434402
739147
759677
166320
219482
176664
807513
1220020
1642595
803977
1384249
1329407
689328
1579319
984237
1870453
818490
1567756
1419516
959725
1052922
1772710
442174
1408637
462914
1660924
1220632
1791330
1366290
412886
1687164
419895
528610
1337774
149194
603694
503357
1520641
163982
597719
1920664
1247709
1570345
1059250
299479
1092571
1529616
1629627
1242658
1711769
2036208
961290
1576166
1734667
921135
1618579
1270139
1923218
2009935
119613
1007295
1126634
827160
1623879
1491953
1648716
1686301
309779
1158064
317012
2058107
1473242
709802
2041782
1214847
1611040
1745680
1191522
890593
1183192
590787
1293726
410515
1888730
423014
1490045
65960
1751392
1466501
537719
1646838
991877
1939566
934203
1126178
583078
772674
1895651
1427529
894509
138650
1653286
870306
948563
1032927
1020279
1144690
403423
1014662
460189
7086
1614360
437958
1331813
1032259
1678857
729513
764213
353783
496775
1032304
345204
527961
234836
1835719
171710
1940375
1409420
171801
900792
743755
1549872
509454
1121360
1026580
742870
1406842
1466304
1134282
696676
409395
885989
483677
152511
1732782
1486411
873022
1227280
1739643
354888
292869
1864106
518257
231120
866288
209838
1730265
187054
2041905
181713
1793005
1275154
729640
84030
1225757
419954
736720
569204
664465
1792462
1985067
1747330
521328
884715
1889722
1612895
91855
1822149
1160085
1753692
589803
1127512
1115369
192331
1585030
1005946
2000223
704016
701770
833472
394430
38684
698169
1742285
1185422
1604287
1556390
1912540
1231956
1597210
1611727
1675659
1974308
754929
399968
366838
368504
921846
1634449
1280469
1957029
348205
137728
14610
10339
165366
1350189
1165684
4422
1849457
891906
1865146
1778262
1431887
1633935
1453977
944401
1950811
2061781
844782
1994751
792957
1421610
355238
418772
289950
286567
1484826
1014126
52191
1021863
1371412
773499
1548321
1880671
987318
630790
1808822
880910
326979
1654853
987762
361328
464860
2048655
1667683
875417
1006796
1582605
2005286
107475
1556517
685125
2003653
1175146
913827
1633090
1738193
1639002
796463
662589
1481310
981635
1336377
2033608
661445
514626
1588584
178443
404751
1983708
563037
1594994
1044866
1916546
643618
1827384
268919
1382268
1547346
1748597
1422725
54730
1344911
1365954
129067
857665
1061027
773770
717506
118001
1005301
1138043
1442152
1935890
687538
1029466
2025613
1051415
1199288
2058641
1162056
990495
1650319
92697
1136056
822096
409262
1935854
257592
1666077
1488174
32024
1161105
405816
76942
792050
853371
454231
147572
1537759
1590019
913750
1808138
1340730
1548438
1205630
334876
814682
2043191
436402
585656
1731760
1079188
997356
342613
96279
1139365
500875
1771865
477643
825369
273815
502547
1260501
176326
1506750
1951331
399379
114197
371646
618068
1751945
556917
412271
1499008
1450659
1258794
1346398
1578839
1973259
656837
472002
710087
766850
613265
294489
563917
732852
652875
1164906
1317459
1402019
1439250
712374
563047
1259376
1216941
1874185
234382
1630724
1857687
133031
1973403
335773
1103691
296628
1749241
1669647
772717
1490
1575850
1093866
1468065
1300332
1550797
1398287
2006895
1066705
1940228
250422
383181
11158
1488323
1125904
1769347
459091
1434553
1271483
167597
930799
482804
1824048
1208963
565485
827063
1904198
828980
1074241
2038327
913015
1040286
1447077
975373
733833
854046
418977
817049
1373328
712245
2006844
187673
1468672
957203
493319
976516
658495
282280
1970651
1732124
352528
556575
1370717
948043
610021
1607664
907030
1020149
2005134
678926
391682
19113
639796
1436651
382983
652173
1823167
2032747
600042
373771
1540254
1558832
1515017
1031905
1557889
676367
1865740
1528563
303102
1591512
595836
662415
1264219
1624437
1084224
761114
1270163
101698
838065
891320
273586
934944
503154
890537
921113
926751
1962036
586003
1609026
1046120
1931626
665697
256982
831299
888506
220662
396403
907197
590030
1313112
1042899
522763
96390
485202
1233450
202428
663918
2003108
743346
799391
1855065
1321568
1721440
623280
432183
1354541
1056070
1813441
144526
1114246
849146
1963100
954892
107279
463506
276262
19038
851980
587111
1765649
1797627
1769417
870097
341893
351041
701505
1088328
2060509
1094889
504017
1842972
453561
1610102
1489867
188276
741564
664644
348096
1146741
1319073
698065
610865
205330
2023524
237653
129297
1615677
1720209
980775
1243065
717684
1590464
261929
708646
263601
1906654
312036
165079
1890517
2019156
1715040
672631
363282
1200471
962081
1817328
1225757
152688
1325609
552112
1251487
637544
791528
51838
1099288
1502385
670511
1605460
708194
407202
657757
378419
236724
1630404
346428
1035627
1294943
1564906
1040028
1962695
1051790
1398406
604173
1355979
1540640
1267415
892823
1267359
1465309
720816
1871211
191637
1478957
1566567
2021630
1608110
1209055
575421
1265025
1369136
81389
1722674
132201
907324
19640
1575389
166923
899940
1281328
1870299
1904157
791103
1522247
691962
424656
1316922
18923
676468
1061344
1837667
377580
736980
1941932
507711
1448631
592973
1244775
928895
203489
1317910
1982459
218714
992967
438303
1716319
761677
185161
29521
1779695
1180058
1027323
1741320
580408
1334436
267707
343806
2013836
1025513
1153137
1092283
57414
629928
442116
1040982
1522959
770630
1674181
126861
537630
842973
225722
858635
1554344
1259409
382099
915149
1132726
1829862
461364
1272284
503281
547583
427287
388915
739409
245614
1650282
740625
1307151
572453
210912
1569430
409156
1668353
1936528
1643907
938996
1192832
1436142
772544
1176462
253429
955265
756956
947065
1410580
446454
1651195
554397
1857183
522704
967065
1266095
406020
21985
1962297
263372
1482180
2028660
2008520
711564
1158063
1404250
1803567
63815
15577
1785180
645961
1488725
1970576
1009059
1817902
1851840
812478
1448250
916073
1138204
1767175
1980776
371512
1886976
1677060
1595484
1971186
566565
923914
1347377
2029998
1306364
965058
1028560
1504828
1976109
558931
1420763
259003
445845
873328
1462548
1991047
1015658
55052
608958
1171930
2044050
1900872
1831317
997443
1275714
1101639
1229540
78475
1802313
292971
1268675
42976
57401
1743615
478239
1394478
1631493
190786
496929
1277332
2032268
1972053
1376547
1489651
1138602
82761
1031720
1287497
510829
954296
1593376
782216
1894998
1379719
1189198
999051
825696
752000
1460835
533334
1459593
821589
1688782
524631
1094748
1704035
1220060
269055
825169
928855
465947
2006088
2051890
712533
990131
1630225
1261853
1644571
675268
624759
462323
540915
710449
1037709
1977959
1558859
295620
1942778
1239741
1875901
586644
881419
932819
1686326
958036
1343193
130706
45385
1105306
912789
1714955
1328686
1127668
722665
1728943
1013952
1185017
813807
2040208
2058729
993239
1885908
121090
1146019
582053
544354
1913302
133165
1850132
6091
101356
1494190
47045
1038250
1392823
198016
372257
626970
1556574
223708
993573
1644986
977353
1589052
901657
1111951
459220
613129
492352
681028
1647810
464280
1146731
287666
848515
196896
1756551
1977722
1168640
1215126
1528443
599674
1115763
772897
1323401
1814837
467977
1159110
1312105
377053
1728289
1285026
1775812
210079
787534
706304
2040069
1349104
1291782
1731978
99429
1476546
175594
1075939
427806
31560
625437
2002817
380277
1921133
219917
940214
38046
741006
1978685
968926
1268175
544360
462849
224884
1601609
853496
2024135
91255
1350613
986704
955676
1530318
609936
1149613
1692995
967472
1674516
761893
697860
1170508
910669
665312
176985
501074
834840
1267118
701303
261708
1453732
170974
834612
191762
1028515
2010593
670679
1835354
712263
365438
1652270
1047062
98025
817930
684439
1270223
323087
1549593
1992628
836796
794872
1959804
49358
1644518
1205289
1918404
152546
1795410
1764973
61371
620191
1764489
517269
1631940
1551555
1930392
2007969
1559548
1579577
404
1573748
47230
274978
1428878
279870
1091011
1714488
1508787
506076
652222
329079
1486710
1469787
1347523
1540667
1360000
1668697
527647
800965
1738231
1279509
1820737
285303
994048
908705
1614092
896898
1665193
351942
1323776
1597290
1435227
1739584
1248836
288813
1180398
508896
133966
1582158
932117
1195296
989555
1290049
1023153
363669
2059728
295950
1558993
461425
1426331
1464706
1471250
1743561
326249
1359037
1231344
1134475
1160629
2048645
1948347
1883079
909350
1779208
997087
1318972
693974
1869780
753697
48594
440880
1222358
1842207
462221
1561091
1479305
880665
700473
54930
1848391
1718048
1448144
7744
1608852
170157
1993252
1456564
1292492
178890
1233994
290719
1405665
191950
1422368
1717739
1996631
709027
1238324
1174491
679977
1757968
965642
1490050
1523688
2031912
263885
1965645
1581892
1512229
1068506
1938862
799958
1293003
879834
1464198
87032
730675
1078056
441127
624474
50305
1259545
159454
625736
1617344
847504
1803556
1178392
1619839
564073
270344
1163036
421515
1500012
362424
1673325
1065426
1316435
840943
1864715
432010
682015
1473176
1760341
1375829
976942
298627
1048917
332876
1328607
1259467
23581
394191
776668
662084
1163482
2046998
1641302
1800260
329101
248930
868545
1993854
778956
310198
1938465
2028602
907530
2057244
1304340
1342363
261625
1750798
1423185
597036
1816370
1602489
506926
1121062
1496739
215183
1037371
1819916
431552
655355
947760
735986
241810
1594326
1005854
816167
637953
526373
353601
1841892
104785
2039037
777738
924971
1385017
855555
827973
1487328
673522
1351095
2061124
332625
837908
101920
631910
372848
1859140
622514
420072
1207984
1335350
208115
579487
378784
296691
486410
1357108
852498
1918612
1683714
1884295
448951
320829
109994
1278772
554370
1388529
336371
1459520
1581708
830294
741042
905075
123337
737683
748597
1055527
1303397
1762542
118974
1649743
376393
1377533
681258
735384
655465
847122
986673
1890844
1521231
1701039
1187110
1840351
363352
1982048
225335
106148
853146
947804
413390
652807
629093
1191866
2051225
1875359
1118033
724488
366375
1244471
1434425
1557147
912593
1948506
580205
2060701
109696
309917
1518287
714503
1815142
115192
1783217
510920
136866
782708
961866
1561037
1344302
676861
1534585
1527772
954761
1677840
1843429
933469
1090661
462390
188677
595926
1859612
1059553
1454456
1964824
725832
794943
57520
1959101
60606
1298915
871391
213847
585831
1321827
945925
27343
461895
1649462
1812466
1657121
1627439
1868844
664167
881792
1740537
878249
949103
1944417
863699
264447
1928255
1859035
1112299
1106399
131755
1648855
1093851
229580
647102
544403
185322
2045569
358284
446711
1114601
1451747
875538
198192
157812
941122
105033
1087175
1204548
1877958
1043930
2046510
566586
1461842
1485351
2067750
728573
1905885
171982
1666615
1365624
616891
295614
2045465
1615633
1810195
1921758
1380513
246443
1245503
830831
2001999
451517
1946721
1101567
318542
1065628
1324857
280408
1461570
1245988
1692090
1750310
510561
958329
1029851
1719412
437165
534775
170523
47528
411521
418053
690489
1757807
1463648
28103
1888762
743116
378831
1618392
1120453
876275
2060152
1719903
459704
1724612
1211284
323261
1602027
1962819
932433
494646
299659
337737
1157336
167562
954069
201936
1463281
1186508
1131561
1761165
413236
1245490
942683
1435621
1569546
626981
1897996
290711
726838
215512
59437
893037
1555711
1659008
1402919
1895629
1360018
529481
1696116
714722
1506077
1481092
1972934
802204
749532
1958850
236797
1358610
1948254
1711617
774082
1719057
588495
1113237
692710
220976
1563403
2026204
1395925
345424
441541
583674
22815
1356748
1846385
1643688
1035671
1473084
445710
1344351
1172734
1083898
51482
396976
52822
1284901
144092
338373
1388557
1778350
402504
226054
1489649
1550034
1995974
581649
612535
1569120
2017077
213564
402890
1752303
443861
1383564
830107
1673758
351849
1112390
1448235
894604
122602
846889
863330
999502
342534
1731293
1631776
1285053
1637945
1045892
341291
150747
1366399
669540
421631
1849255
1553050
1947626
1383900
110472
1765322
1578469
423550
535595
72918
1084225
1354060
1405762
1441382
1296871
1710072
135527
1901917
177785
1494758
1389396
434550
586258
897252
1769327
607570
1273588
1198934
1123665
2069059
1061207
579712
304745
1258322
721844
1961234
467489
1756798
2028194
1394748
615624
1059629
366216
993441
1911264
480084
152866
2027100
1074130
1789782
1775978
1252903
803069
1466853
195429
839186
708386
355327
1207922
450898
1948271
796683
120871
1152633
8565
496901
258660
213264
617069
1260842
648295
98143
668458
410871
122050
628089
2016755
1864563
1693417
1705519
321067
1017374
462704
647948
1268280
29317
1591654
772874
1754281
943157
1259413
1656213
1429130
1528700
1225531
1545749
369807
500088
511894
2010562
1938876
1520223
50941
171510
28975
1465526
1241641
510132
800377
1510501
123045
1187287
1252666
696644
274965
1262157
2062677
1104004
1396580
1694498
25548
258362
379861
49606
374337
932384
1752221
1158113
1857781
578916
1696966
502526
222801
239162
1851773
2034270
1804800
1062455
501764
137553
937156
1744448
264048
1317106
544797
909767
1335424
766219
707538
1835811
1266628
1446304
961502
1350684
1865416
1104408
141288
551637
432961
375495
639222
1845200
1100196
1941658
923652
364681
879857
1818055
310946
1409916
169154
1120848
270677
1040054
1924359
110070
878227
407666
151406
1595255
1915238
1269204
1937386
798709
1907859
872139
427547
629159
1550062
442389
1273092
367448
60412
1139743
166753
1137586
1298764
1579172
1085855
230870
443077
1982363
225691
1484937
1953200
906415
42969
363213
1944893
1054787
722740
161189
1266430
166515
1749975
312213
145887
379289
324457
1493749
954928
2054879
305965
1144876
471460
1053356
1250931
403496
1787727
276067
53581
726804
1101777
1265930
1729668
953794
532402
935591
1675882
1636782
1643917
1634849
1501506
1505230
2018206
1436523
178149
518607
1806868
1104901
498316
116886
676336
1982726
481876
329454
1482461
1497500
1691310
157378
142374
643569
952367
90811
1186937
1317600
1376842
1500504
466546
860380
1690187
416714
14427
1888425
870763
1059296
65198
546718
370946
1846043
928392
693557
1212735
372585
2026586
1078089
727823
671817
2067719
1811932
1844847
1419837
1658966
1621958
122201
74851
569839
411952
86956
570226
1476430
141063
120645
136016
106135
2001650
1581269
455981
862187
116491
170804
1009747
1960642
1957075
793795
181908
1471756
343022
1142617
1095097
515940
652169
1657803
1184383
1227801
1282391
1366838
451286
751746
1014782
47610
1326370
1686168
817122
558963
7428
248600
1529692
733413
1166099
968756
711040
895992
1972357
1643301
1867082
1615446
253214
7876
940033
1605010
582479
2025210
651182
1742878
103307
858523
602360
1757344
886881
610946
848028
77487
1448115
1838512
297564
1396958
1332943
959441
952912
431464
940993
750398
421808
1261784
1025171
446834
1776878
694637
2000510
1502708
1089432
549724
880533
937636
357200
521727
734197
1659149
956144
1382491
581672
945610
707895
468200
789150
745300
1368336
1578654
1204285
1029912
1544315
256499
1432880
470047
881483
788316
1979084
1819398
847208
269407
1871635
1862647
351063
808305
161434
1830306
1707755
1883601
1190673
1982257
767475
563117
846830
1640919
1839543
1961011
1558441
87652
664195
619681
1925291
540031
1479684
1031324
594899
1439290
1838586
933536
861753
265051
466477
446160
1040673
1378450
283597
766171
1924145
1357780
1040730
645096
807125
1851432
603838
1891835
328233
739519
638119
614641
1605330
369258
1976358
567447
956268
664211
1031144
176883
482368
1146215
1992032
366512
2000807
1177181
1948230
1916231
423294
124615
1758779
1255826
287261
537285
1737538
916401
984232
1001405
1549608
523117
965677
904982
1041046
986747
1236503
1108441
1365576
515570
1565916
1744319
197829
657313
1224788
769693
1103411
1478221
168551
336300
1835592
1075483
1250609
977061
1640426
373604
1625610
1030366
1484042
206500
1243830
336905
1093729
810987
997337
879928
827215
1504412
630587
60610
1322332
1732117
1965728
1277569
1889584
567409
1822208
1933168
737424
1635468
286817
1226092
179405
347263
1273163
1524894
1286108
696873
2004902
2024273
1044989
200660
1151289
1039594
1708785
781115
343343
1163661
880025
1822203
395781
784038
561431
1461965
1253391
633608
1081088
1245633
1112435
1376592
1712021
1369572
805377
548950
20866
739154
652943
1635035
1672155
864311
1518499
1200573
1244505
776502
970796
302576
181648
1601649
2031566
1645505
461738
89610
1893176
498696
989085
1430918
481052
1038671
467285
1689719
983102
201544
392461
1893830
98065
1894595
1058855
755000
201497
265917
1237757
28694
646400
1346611
1232519
250048
932625
1894533
1289934
2045406
128103
1185916
1195339
506905
1320531
2047435
1488425
1960173
407853
833176
97539
166912
1151313
222395
456805
113590
1642726
175349
1087961
815453
525004
478174
1882426
652253
1720962
364187
1057014
1894666
1710806
1523929
1203882
51165
1164164
1565760
639057
1385931
871915
1910946
1017034
1119680
812970
1817055
309324
499802
820740
1665588
1146280
499791
1071651
80753
1670969
734952
784723
2009001
1615732
363572
1976765
50771
349246
509518
1568260
1591144
308431
638352
40114
1726176
1938175
494610
552894
1077796
1403525
789096
372490
601717
1643887
97835
1365983
1741287
168153
1795055
1031654
1915740
1802472
1696764
1808644
873991
1803338
1774291
1524210
1553017
1632058
587285
1965021
1589332
896145
1733181
173547
701223
138995
234656
1614907
1741267
754596
904803
1875971
1377602
1671155
337588
487595
1230680
833378
857561
1352495
55561
136322
837144
704055
158546
1361879
317772
122979
1626208
962640
837796
1689800
395433
655589
347774
447520
1981352
595568
607824
1459703
207989
1838336
572186
1036951
627356
1855269
406661
485842
1890842
654397
954383
534514
230381
1967989
1455955
1387981
88197
1617262
1326595
181597
1306266
1142009
985651
1315027
1158509
781043
423823
1809654
1841889
1554656
1907941
1225754
1218405
628649
1766203
135465
1440450
286447
387925
193123
854668
1597375
994241
94164
1212703
1831729
458544
525006
631449
1631013
1184428
330956
566478
789000
1109208
625405
293536
1284960
200809
1948063
516302
524539
1546821
399100
514307
1169439
444308
1644744
655776
1348142
1076187
1871769
2031797
1142672
729636
19499
695411
660746
990158
1371745
588702
738125
990628
1690952
46774
473004
297765
468592
793101
30223
362998
1194415
70919
1891586
365040
344192
529723
348645
1871596
908480
282426
607223
1601905
306038
6362
1378063
1120825
244174
825014
112029
1014743
403938
1273954
566315
1300869
1138646
1917569
1800537
1317117
14089
170935
1785603
986892
1151217
874143
871959
1162928
112000
704800
1543503
469777
1226667
855940
1550131
18924
164916
547966
313451
511325
581737
1518731
1100806
1894392
1501460
40921
1010399
77258
1156295
315220
1500093
31317
1142643
491240
2057709
335303
204309
1919580
1451688
702642
1967801
931879
103124
1978692
1334385
1242442
219992
719714
294055
1214807
1942632
203293
1201495
791143
1153987
1762696
1741163
1847108
518838
445975
406054
677370
303752
1224799
164223
1392895
1677391
2069286
1789650
1910923
1957016
56345
609815
835667
1381105
1162639
770517
1879550
1082113
452286
1679566
2049964
121757
55567
1779464
1166198
1348559
334254
1517596
1415083
1951737
1598525
594239
980881
1680492
218909
1780031
1999922
865934
113968
115163
78451
610960
1786424
620635
1053861
1437728
253606
252423
444936
1047413
1739132
1659763
1658553
1417728
1742663
1311457
1174500
563793
169279
1394928
916583
756372
1821357
245159
157604
865568
228466
1935847
798857
1236411
1076567
236583
1488112
302527
1291098
1661311
2051444
1959663
127876
704671
819822
370939
1208290
1065350
30453
66270
1023851
227774
616782
1311928
38472
1243670
170329
348640
425235
680004
1474895
1301967
1935126
1530601
64997
2004084
620932
1439320
1305924
1950137
884673
452509
738094
1697552
1091272
1224131
944219
408908
784842
1133022
1286943
838140
1646603
1941813
803966
1373453
1891584
282837
343106
80846
1172619
1987656
1277940
1273681
910943
1392715
102631
1543307
471075
1447964
1090219
1338469
1461106
1560348
149281
462049
800236
457336
482322
1654432
1611334
746596
436308
1532201
230412
1320096
2063164
166804
124729
1741546
1364743
266023
1791112
961161
1943189
1378491
1962066
11233
543186
315249
804641
1480033
585208
34256
1747731
832855
191079
146477
1605055
1608026
928381
1423735
343848
431369
1563904
482963
1694355
318978
1106410
161807
365538
1114853
394590
946295
1891446
1081605
324870
1228652
144121
1626338
106158
465848
1745023
1890840
859838
2025398
844538
1282151
289320
357121
647937
1012528
1078011
1132697
644795
1806053
425305
1591126
1210178
695239
92264
1894608
958229
595011
1989706
106821
1436810
846801
1187724
167275
988527
1270661
1706428
1830262
706784
358739
660377
511851
6559
65228
1251446
1316921
1452709
1949744
796515
58061
87877
118663
886634
1674289
1489155
1023362
1520950
1017296
2013981
1426669
1686708
1872410
1297607
1377526
62167
1033936
1137061
1018585
487129
1596700
400713
1614691
784612
1457888
2017977
835975
1516438
793664
1345906
1318386
1656965
373893
55909
6416
1282203
773997
257421
2021559
718065
165198
159597
1866556
1710694
1238455
1101273
544541
1736196
1383217
318687
780360
2011128
460653
297253
1660216
65308
891170
553151
136693
1599686
349758
1302055
1294193
1909691
707146
1576608
700512
289609
161525
1743672
70244
1373415
1134962
1605601
221708
1369451
132240
1361116
987072
321857
396701
92418
1600890
683018
820575
470316
948855
1436123
295543
1139841
1992470
1222070
779006
1300327
1740355
1269789
78400
373566
1440426
1210768
1599792
2065243
318379
1790806
1937934
911120
860153
301754
694074
511552
32726
1278489
1540520
1228891
594554
1112133
574451
1903608
1831273
440498
593598
1664166
2063397
998538
1915924
1351971
770610
2042967
215729
163433
1554382
671779
642073
1199146
1240860
1000844
284175
137001
114273
377790
1554337
1612470
117847
552677
83748
834120
1810263
1000955
615673
583
1212873
29826
551497
1070837
1315523
802119
716767
1051528
1045999
1545698
1611596
1858392
554965
545264
1516848
2046419
1909133
1788602
1027551
1719341
2016970
1408354
1887004
254935
1532471
1861853
318989
945017
734550
1164662
727911
679237
1049570
1694214
573214
2048443
833890
1742987
615130
1364844
1006025
585758
1062356
1391920
885406
287360
1758548
2045309
901673
1080396
1276052
936204
637709
1762099
1288151
2004302
1988870
638493
1139202
1328310
1304139
1574583
1749396
225202
1638109
2058965
246084
1844523
1132034
77426
919101
41519
984760
2033239
2061307
108691
1746835
1191470
919595
1055560
750076
1308694
1808639
586023
819376
169298
2032009
157597
659000
877340
201981
1593770
1609851
1315260
2047886
917729
2026139
685062
419667
1112784
1124855
721084
1999958
215551
1428475
1123104
915147
1955482
423969
680698
442271
183840
725963
301647
1212738
1881773
1595084
1809726
189005
85315
822024
225767
1363678
224258
249931
22797
1619728
877592
939048
1154090
1385912
1347194
949714
692341
299652
259153
143708
2016083
1828573
1113657
307751
105208
333301
1353750
748315
1718868
1952760
25771
513626
1485555
1310166
676079
74993
1980226
1143190
1619439
1862977
185195
1479431
1929367
357019
830084
826344
1333506
954818
95318
940704
1471701
1679471
1141913
1226220
1185214
1765360
194401
757085
1845532
816988
660377
1026829
1088889
1303180
529985
1054064
1995371
1257739
6274
837336
962633
971484
1156502
1189994
1463146
1963788
1718347
1298352
69914
723330
189283
577438
1351413
356333
1138115
522414
500947
1357411
1195344
558629
796853
1903354
268606
1617608
521733
1703663
1049169
753568
1227167
102629
172507
1130528
638198
1867497
312796
1145819
689434
344588
1941698
297383
1819065
129753
985485
1347294
993287
1159130
243842
846609
582051
924751
1010499
2063838
68824
1165618
567570
926327
651228
1001679
1594303
780753
812660
127488
1388790
1125099
1095879
168745
1872436
489403
432271
1159776
1679313
1493903
561942
1397197
1435975
1638056
1079233
1004905
245645
624454
729091
1442324
762728
505385
1433956
175726
782519
558563
1743008
1513863
1161581
730424
2060661
1392147
745064
1903090
515947
191856
474472
272634
1121063
28216
87602
838020
190320
2006732
1498225
1198841
779183
1598004
1077497
987562
566448
1291882
1580039
322354
283004
2040458
1477093
1020667
1036342
1699605
617966
1392881
913429
1399352
1384866
113572
1827100
344114
873573
1633940
336126
623961
1267411
727938
888845
774572
1616530
599376
1437062
271791
25266
1556142
1366168
917658
947543
1122358
1855788
624949
1013231
1862605
270176
1563617
427671
606069
1737884
792934
1366294
835063
1265494
492138
1790771
236675
492330
792390
1495918
1115303
1500691
1060558
1317173
47154
1802236
331205
1074466
1254516
490195
780637
1636155
1353115
1274402
1977937
874662
1604802
367173
505064
1550096
590575
286802
1307817
2001376
556873
1864607
1557924
1969430
1708172
1700781
638209
411600
430044
181859
1788984
1890950
145788
737318
1668271
1490211
318287
1068270
1881911
287848
123486
586688
1917080
792207
306562
490571
367776
1012222
1327038
1960742
593604
2055410
724733
1507597
281197
755207
1839322
1334279
2040775
1662413
416077
540131
1553427
1746028
1036510
580307
1165338
478065
694421
1475228
1404615
506362
5325
795111
561440
991858
1580298
653049
1337550
425002
39551
2025214
2061257
345899
1951267
879831
1945564
1919727
148759
1697602
1638067
1495558
1084093
700531
1397140
1637610
873339
1579063
1411487
1737544
996957
1567557
1317414
320276
1623190
950488
2066018
1478647
911615
1074975
1777933
1482773
565314
1865398
96809
1322644
1515663
1598131
2044799
1720351
1831499
104429
1422170
1320733
1212686
223806
1874499
2036195
250340
1640917
306085
656610
59468
663742
414407
245530
1749791
523561
1510853
84012
390228
329136
918751
731227
1522346
475251
534175
1589273
598143
981298
2032327
1685060
923531
353349
937827
747865
188112
1806415
649832
565451
852557
1217780
745573
1385012
1362595
378243
2027455
1618603
1161210
517181
403897
138392
459607
617668
1055185
1215380
589056
1683720
573127
1240565
1761995
606305
42333
361840
1299644
339
1680679
1614750
211525
1543886
2010512
208989
1116077
546579
1868280
1411282
157958
1778732
588347
264304
1273820
1594251
854475
1311744
1833729
508474
1534345
1253678
1107353
97344
999368
1125929
1893544
1877366
1438386
698231
1623760
1440275
763899
1092127
1053373
142040
751965
544317
1415157
322395
1793356
210140
1436902
323113
725433
1889614
1326206
178791
352021
402051
1379888
1375538
587778
287671
939998
1937758
223451
983586
1445452
534845
183298
1939547
1526950
523476
1150628
1385295
1607580
1438375
195555
1869032
1535412
1265190
1098160
661868
113627
1278383
683745
1868603
826096
1361802
1364510
1955832
525739
228276
1587333
652064
1724755
640151
858887
103310
1089636
152098
1172876
909975
1650295
1297439
1282852
965182
1496088
420251
1519120
1123995
714769
1940627
83953
1847880
1873434
1642500
458273
1032654
1214810
1096489
1194384
1979710
797856
2003971
1232529
1766255
1926334
665669
1904922
493231
1660065
851310
1385919
1251051
810899
91403
1727915
836407
1901604
105269
1226023
39122
982185
1023846
980007
178986
254009
795204
838805
185615
714362
2067463
203168
1785408
1232206
468396
2013151
1305734
1540354
88660
891268
2016053
367684
1142759
1526264
1418327
1871480
364693
1805796
952384
943978
835058
359718
1566338
593096
1192967
202192
1030685
1209792
772896
1496849
1285316
277425
1610568
1907094
692377
1527520
1586728
983908
1813230
336453
2022956
769333
1626058
1828683
347758
359472
1693677
1872321
1836797
1664772
408627
1946433
1345915
2016312
764521
299412
1410166
1128436
1398396
462649
1792683
822086
501389
1215809
1251513
1913623
1721315
1483970
258267
67181
1402847
218231
167528
1969682
1987601
1580819
1415435
125698
1475503
1646102
1172869
1978653
1226272
487622
142939
1852158
1608981
586506
1572508
573897
2012568
436106
523762
1025546
649225
1755307
980855
357167
1060380
1148347
1700660
575825
226347
2016958
690078
1926685
377206
861916
855376
1811549
512335
1691807
304570
1949300
2054634
538552
1827473
1540288
627966
741645
1036191
1545901
846992
408640
738147
1272937
1545300
839404
1946353
1933360
1579054
157764
169775
1390899
837992
1376310
1264631
38240
1759298
1610557
777948
1572317
1703067
919310
71594
1510707
1998150
1911193
511588
2066119
968702
47677
42069
212528
1718038
610929
1069239
479533
1152708
257564
1549156
158175
382819
201020
715045
613246
1732734
2047995
1363633
511631
1353490
602525
108829
624540
775120
1399187
2041758
1838504
1494430
420812
743418
688331
24810
246227
2049420
1882874
795485
1650555
1290932
1372485
1930712
274508
1538199
662931
1765866
1895257
1519861
1764749
1788075
639278
1059366
1983419
874022
886180
1781805
1139461
1638432
122843
1599963
1937442
612713
369215
602695
1376166
1820862
340928
324767
1247783
1900340
2025132
1163834
1663900
1516574
1822898
1488287
1141641
53911
1163739
117352
345290
696296
814392
1031768
972076
348951
1710724
715068
445069
1851792
685182
687827
412226
517690
815271
1251362
1815158
477323
1232112
2042429
358826
950841
1307747
784298
517294
180170
214704
1244494
1819978
1489530
1398039
984817
138004
1198204
1049789
1873125
1985698
1730464
1811980
391797
118157
740318
1357455
1549977
1033094
1247688
1109577
1012144
415140
938416
484413
1097977
1733001
1139855
550856
279648
173668
1291955
2015007
1504336
730878
558788
1528417
58286
1100707
1653631
1295971
1712333
1805885
607302
573609
2031470
829602
491227
468223
1489637
106807
192621
1515331
644887
511224
2017757
1008897
293519
1883873
1808484
1945453
943732
1708102
1500081
1583438
862406
1666409
80095
1211660
1510452
1240642
1811238
1141620
1776929
1885321
1471679
109743
1671976
161424
1252433
1405885
802329
1511998
1259540
1033162
310913
930305
216485
1570357
1844764
678125
238245
2042802
1011359
564286
1827530
62435
557854
1795862
290510
1203662
2032934
164050
15603
1484601
426880
1876032
569058
1961411
1094220
270524
393384
1646743
1019339
454315
97489
780366
351562
888695
1744389
1716247
1001567
751361
1588587
422861
465094
1468162
140767
1937918
1973573
1938788
773718
1458637
1469143
1708670
494549
1540338
591346
1867700
1443150
2030986
782491
502392
1923659
447945
1212597
115923
1031385
898471
225582
609550
849118
731755
79380
89954
1272824
1690130
466342
1421389
1265900
1629440
1918889
329904
1204429
1752574
575287
898182
845011
1397783
1343392
778898
300821
1140448
421510
856853
1126912
207866
1283140
260623
948298
2012474
338215
613863
858824
2058999
652437
563687
206312
164409
1215296
777375
908544
1573136
916879
1284365
825904
594908
826313
698186
288515
417983
1527686
994713
155649
996039
1651477
969180
927318
1846836
2055972
1895883
1623071
51421
854087
1038115
1977301
1592149
1185370
731580
1858012
1774715
946150
649082
1070908
1786640
1393847
450633
129095
1429250
1688313
214562
284367
1493598
1339870
1289926
1698875
1948681
1065951
2068037
62079
556346
338559
1113987
803372
2020570
83989
461725
750408
194862
585177
1835641
1307450
191184
1512585
14356
1385488
1175486
1603592
300301
923720
836952
1261959
1755792
1349983
286615
1567439
318079
840725
1650996
1832767
1134535
1694452
1159787
1588807
462367
1901577
1261385
1496357
1016913
783176
1794341
602925
435085
1662033
399203
1772800
91520
1343027
371537
1830063
643968
1231931
1209557
336113
404709
971667
366144
1942344
1310005
593124
452033
383699
1206166
1359444
1312323
570059
1573733
2050309
1249114
976388
266094
499577
1465060
674849
728933
1124276
169248
525183
1117295
934419
905135
1402986
345286
327913
340835
847797
689593
1648111
1789294
1195903
485420
901640
1887115
1047116
1540056
1942845
1474215
1178326
2034842
1085830
1678081
1581074
834031
913237
832795
228218
766727
787187
329009
27318
1354322
548987
1017892
1798616
1798696
880731
1161821
1367624
1103036
1260182
1958118
1398024
1518485
1941047
518005
603655
1201107
531554
320821
1285487
154893
523494
666588
1556491
983955
1328212
54028
1692522
324125
1435157
1232626
420848
1332699
2015349
1802710
1103012
703521
971092
2003704
1377545
1245076
1119533
275414
1754339
1844146
912192
2048087
663765
845586
624789
402166
153287
622962
1335060
1652980
1409072
974027
72294
1433548
899488
2043555
1935123
582396
415460
1508416
937422
1809023
1415511
715466
620235
224252
1607080
853410
1110415
121714
1033765
1548759
1467356
1294413
1667429
1204618
726820
1351358
68094
1901940
1928103
403499
1760489
2059390
351779
102846
2055222
1685928
132660
1513563
81619
354960
519180
1893331
1196333
742484
1202938
92732
1215993
1141722
1806665
1818035
1240265
644746
721014
1358224
644482
432706
1296582
1190480
37663
512885
971613
1941813
1539950
1219813
732057
681750
423463
457498
42052
407309
2068137
1706033
1127939
694222
1427529
566432
393920
1071145
1817231
711212
1840913
170369
518592
1850076
1182452
1971382
1958121
395342
669968
147540
454081
1431300
1400667
325749
2010713
1475836
1050560
684337
800960
481300
2041714
747551
179021
110033
1779556
1802975
169764
1152625
1424818
522038
1666295
1954942
1847103
1914362
1285390
1824616
172797
247298
944150
1934722
1655179
1900155
1147657
274897
319373
1315055
1285670
1751952
52335
318039
468742
787929
752571
681590
187998
337635
498666
85133
624060
901834
698963
1640270
1115882
1841836
205608
1747108
1111516
1257583
688897
590650
237148
1310980
429713
1810681
410802
517426
1574474
1973221
1717610
1962987
540273
658748
1009162
1919096
879340
200408
1869429
1821985
994186
491168
1335336
768107
1444431
1116020
29600
1192109
606397
947699
305412
1914828
1988771
1270795
1832207
1650538
935832
205590
616537
1228236
607309
627782
1134053
102766
2036321
225310
952100
469984
235552
1776755
323593
704811
821209
466950
864923
2047054
29245
1050621
192839
1212266
297972
2004038
137813
442058
227219
61404
1225738
1693168
1244572
1296223
1266124
907150
30350
954703
1557378
657502
1498560
38236
1984371
1616941
1453907
218975
1409508
73301
1496590
1610930
582503
1862656
438187
21403
1014121
442150
878534
1586524
342804
878996
269295
1552105
1196026
263311
924146
617525
1772372
126066
1852269
1610965
897807
803348
830491
1166391
1948808
1689768
620753
1335692
1879132
1528862
1393453
284029
8782
1636437
948568
197840
1633382
1739418
1873075
1847702
2070495
526782
1069471
1463647
691454
1237064
1209439
1220365
564775
1973498
1185226
1269668
2023204
1394510
1457931
1642877
120260
146710
1081911
758841
1526249
526862
967343
578045
738970
557405
130520
1279160
1930723
56330
1191518
1945398
291560
364931
1710576
894315
954642
752128
247200
634216
887425
169528
1020710
1398590
1792602
641998
1891695
245240
1773663
528722
1106506
1714029
1010160
2053575
319307
2036604
557357
361226
579832
1459840
959580
1454978
1551246
250498
438634
1425840
1115691
338852
1077747
2064377
1323187
730310
966711
1705455
888861
1002826
1462774
1595506
1479395
580034
668989
1148798
280984
645239
582784
952253
201702
1008437
1873585
265258
680901
1593738
1266023
729981
1074746
1233092
486766
920780
42270
813948
1058518
105221
1362956
1542874
1486208
94739
1366836
1150780
1787387
1713619
647855
1009558
1791656
1453780
320282
1309396
176749
480910
582330
37535
293440
89018
256671
1391194
1833985
1524336
1778881
2017988
1620203
397936
1313340
863114
1771145
157033
181404
1980279
1023963
1724431
1541933
1299162
138583
1973528
192515
1769407
1759944
961424
1980771
195873
987985
796887
1157631
1536955
1392904
898465
1166825
758125
443404
18060
1978997
1490116
1485159
874602
602699
491606
2038850
614557
778541
487159
1410380
1778170
116027
1216404
2005243
282502
604429
1232841
70323
1187225
541404
260558
1041216
597948
1085189
1981837
783584
1551260
1121485
706679
1115814
1797774
1505074
2027309
560828
1527993
901091
905518
115940
1962114
1726120
1582868
1489952
1404302
665574
1102136
223739
675401
1640638
1289379
1172043
133009
121853
378879
1097241
1460604
961935
1511803
54782
1126876
1386142
194497
1361709
1860027
372487
1202494
1546869
1988830
1368709
119319
1809630
137176
1130535
1245557
1045131
139241
308670
915346
1009802
2054902
1331718
485785
919435
1863801
204663
1150048
1497119
1597800
777423
1794063
1679929
1328462
1212646
2066434
783918
108503
1709473
1536907
1385895
1941616
30372
1642902
501012
1003141
678898
498861
1446249
1155090
1875105
1296888
353902
1428946
666225
1551019
404214
1194385
255753
90790
1529758
1165573
1647976
575029
90328
1401102
1476591
1042508
1681093
1024826
859823
95080
80481
484381
1263909
1436192
128878
669118
1729100
124265
1299083
1366597
1485858
1789401
445073
363815
1669818
1033069
804186
1240611
792950
345181
1119754
22054
112452
1967252
1907106
1731665
509027
1580196
1602368
369328
1782713
55302
715876
1597369
36824
792225
1230155
1434691
379316
1789062
1970489
1894397
793149
1882506
252241
1640130
2017313
1224572
476163
1340238
1180883
803063
754535
209234
1503162
1795376
1766384
1744234
923070
1536421
1696009
545759
1171368
1709791
1956843
1723562
19842
1433414
830073
1476356
2005935
1404595
1918271
373742
92968
1067641
888430
1347763
2007387
1848688
1478203
177345
1842124
379030
723718
1899161
717388
1610008
13823
23987
466345
1333421
1003945
2065721
494034
12562
1666386
506276
198966
1909241
1538601
158871
1958915
1083159
1011786
535847
1190229
1888805
1317467
291524
963323
756055
1700414
674082
1791913
154295
747003
1891998
511345
332754
1768976
1774417
1937889
34078
514804
1600323
1821553
111936
2065086
869600
403679
1696642
591611
545696
1471406
1793704
1192549
154335
421031
1447968
1449194
1882466
1694841
379767
1714215
1631924
611218
362054
769483
729676
1308735
1006923
1673912
1272418
877473
1566893
1534034
788218
1708704
577331
402201
1665010
102917
950427
2036790
1915797
1143039
1960677
1795363
993496
797051
586282
261651
12146
881143
1881741
1339544
282378
1551531
2027523
353146
366447
872687
555686
1137469
1007019
1276440
194510
93051
216177
1561481
865579
2058994
1537327
346660
1428574
944081
1141988
1334408
1422060
1426295
1930881
1211853
872054
1972058
738848
694295
382398
258459
476017
1001883
958411
57182
101361
1813105
490200
2048010
1588054
576268
1396025
304633
896393
255345
470894
1631280
1824302
1440593
1465426
381950
1280331
1330317
366403
607209
1856594
690565
760242
449267
169346
1072347
1155937
2031938
1692670
1385943
1801346
1237400
951588
239320
1143708
988897
1694932
790681
307741
1217894
466796
1063849
422677
1210559
1582179
940233
1887174
55861
1060151
430058
1482830
589182
599042
790052
805719
384143
16156
13033
2011853
905238
1601305
1052263
448704
352132
732518
405993
471162
1320408
586967
1249626
821860
172880
896628
626112
1908548
392193
894883
757295
1529903
179720
863238
484341
203161
1006982
248785
1513481
557684
1842194
759834
255259
1513872
1980531
1158442
1863591
546915
1004881
1203489
230685
394420
535697
1371369
1299452
1885597
994106
1723564
1957240
1806763
944004
2023030
705844
385899
1535172
1816883
100709
889717
1462985
2058969
161830
2067453
2065313
1378464
450
674341
76208
1694743
554418
993058
937768
1372461
1338931
174389
1355185
739414
1790559
1624372
138274
512831
1995864
1417147
1605963
1816566
12783
2055285
1566349
1755125
2010055
1592787
821166
457201
1914365
1812116
404807
1620451
702684
20697
1527039
856175
1842200
1272549
1274573
11852
554224
1809330
1685780
1406988
1749650
645021
1735004
1110404
520183
1822357
301553
260217
265686
669316
806316
777652
1019332
1980453
1993706
120775
1073413
949124
250783
1480967
1653379
1055807
1876577
1743638
611061
1365499
1467390
1553464
332236
1975629
1584407
147157
1505760
1423526
1389938
837030
1250247
621039
1492802
1726508
577367
800143
1141136
69753
1787930
89846
1176522
101849
1311006
1424265
54531
636076
708591
892986
549858
1995967
746582
351259
1074623
1027940
12731
944049
893087
719941
449607
1227841
496501
969052
1099062
1393740
414557
493768
1969313
61938
230226
696964
2007071
1276768
636670
1718290
95465
1624280
1171852
44520
20900
463582
694412
1664396
865356
613162
152350
1092025
28744
997820
1498537
547268
81853
603024
947026
1658392
803618
996390
104151
1451127
482837
1199480
1065830
1059645
1443759
1455715
382736
261550
1605635
1899662
508625
1192946
471301
1869256
965428
255610
1012296
1847932
56105
1157842
1511123
1642881
516597
1939213
1669968
500953
1029655
888747
1839639
1733902
1433087
1415763
1402206
1116835
321419
988672
206188
355097
206385
1891757
80235
1052757
1470228
1879733
1143922
529844
872566
248256
830363
1717288
907263
616426
1713592
8701
180885
2043026
1433461
1140606
1633774
232426
1493852
1888528
1528573
485182
1692536
1877257
1259137
652204
1408174
1306322
598486
309950
300334
190459
527094
1091355
843775
1310534
1717636
911604
1753741
1631556
486875
574768
182886
1784580
1824573
547930
1906807
66652
48417
69565
133545
922151
1580339
1871648
1760455
968799
2016029
82516
1354047
1378636
1229197
527485
1249127
1480151
1215607
1754619
1088283
638281
1447795
297188
1633852
1712304
1719344
1725288
30119
647886
1594092
873201
360665
1414346
220375
1108454
918882
959474
929809
1312607
1115515
1496421
1361562
708091
149086
580231
302652
1462532
1583324
1789354
868899
580824
1591990
555687
15001
945824
306957
110901
43770
2005715
796859
1031180
1610772
669487
1894542
827074
687262
109014
1826696
1962786
1962758
1633949
43099
709917
242674
1965023
989831
1598196
1232161
1064942
1124083
1626753
1406657
782905
430249
1146109
2053387
664361
196462
410131
433622
1600213
516793
1221677
740933
1034763
1098912
1965486
861548
1012993
1020007
1254447
571829
170633
1745897
49972
2055167
1270850
171913
919998
1813668
1896441
1528582
1760447
1372702
1203078
220713
1719669
77438
189124
1369852
1516634
960196
593237
368312
99818
1271636
536910
1896000
1031883
756290
1406135
1144785
205820
1708582
1595287
2028833
452862
936774
1553652
645778
452805
1652960
1859007
750674
1294852
647128
206134
1555011
881938
607523
969373
822235
1264546
60329
1497903
1493302
362011
1598383
1156497
1162886
1724679
240828
1367248
560595
770786
361621
944516
234963
1099274
1718128
1661524
1264226
33542
983244
1844255
1322899
394648
1329914
564799
131892
1861725
665649
1744501
1574650
1977931
248629
482409
1996894
931872
694603
412121
389771
1615959
731724
1262126
833303
26523
3980
1736081
891703
684013
1967859
1451749
854141
927510
892754
56468
180749
1164035
384742
152175
1095395
1508245
1144417
1173234
1358123
64707
1312720
1883290
728862
391248
157995
821583
367453
1662944
1020803
577952
1899825
2030633
1499042
1420774
2042212
549922
261640
692688
276035
635179
435944
1716850
1591206
1154500
1712955
1434913
1309263
785308
1824451
1248321
186318
91361
639987
1662718
644195
184699
49323
1307132
1947059
621028
1306551
2032537
783539
903932
753678
1044152
850373
461705
617565
84943
145910
1794664
220103
1882247
318524
414239
673410
1585412
68724
89088
1463374
817072
1344840
284354
777857
1547179
585097
586008
540814
835048
1639451
1802305
877660
50156
462307
1909589
678271
1349919
1141762
1135226
568879
1878514
2016449
76342
316664
215365
427061
1368734
64941
869890
902626
1673396
1833425
822178
1208602
630712
1374965
449194
1540858
2051221
1518874
1509367
674180
1026327
46987
1422233
372445
1315951
1603204
335191
866382
640920
227501
1188901
1729461
1541725
749805
1518266
1064483
1080784
1290409
1999664
427652
608333
2034675
995825
1631014
207132
1122185
1219203
326878
1060651
451127
151479
820339
1269617
459670
1879547
2006404
292831
726414
330187
6695
1280313
944424
904294
639566
83577
556034
1113037
2034395
1662050
119089
1594735
151913
595945
1385503
1966642
1877812
1550509
232175
299526
1531247
521492
1361153
98311
1392639
1655723
93249
358225
1449080
362370
222988
747181
2019895
256454
864978
2020562
385850
1645127
219362
844108
1539235
1538123
380077
199437
255207
426426
637421
1099882
1353975
1851235
1158811
2009035
541953
970288
1724249
1607033
247057
1108545
1494582
1157498
151983
702688
1410281
522075
717333
1074940
868371
1320688
810312
1193479
1194806
321383
54295
1021417
1407228
752592
401147
561251
803253
1132276
942140
30199
31620
551299
773701
204867
686331
364347
367652
425048
870561
344436
838732
746544
752986
631479
179187
1611977
429326
1258254
764519
1151192
1235167
1920762
1302305
973143
966017
1411344
1383017
1881372
351137
1067826
580470
1425631
1930140
442607
1788764
582489
1367211
1629803
1284399
1326530
1219485
1138698
1603607
1666240
857373
1777925
1755089
839503
1176688
1870351
1519330
697760
937271
45367
819228
1733170
385380
271536
1481106
158812
1677930
1085923
63934
537816
2055517
38624
501604
1347894
1438860
1320175
1278022
685520
618656
1332020
1174219
1245621
428237
1576529
1533461
1785089
1992494
1522657
1835554
2042023
373120
2069985
814270
1161336
760635
2028105
1585879
1887399
732061
584130
1881947
1521156
764790
217552
1731301
988689
1457238
1697755
720017
214214
796545
1542954
1356633
1405875
1947834
1375110
2021695
319669
1230809
150505
1530581
1479026
709645
1401715
971651
1094121
1122309
371494
1841662
1774467
659507
274198
223387
134
1209312
438787
1111100
88176
1199210
1996009
1619449
1998853
337998
1405877
2053114
1137047
760748
64993
1806960
591591
775938
603255
1264867
1772202
1467137
1065042
1582262
1638053
588367
1777406
1065373
1398328
571640
704828
92188
495214
1429491
1160179
192164
428572
1327198
1396699
1379811
895983
744969
543611
1201294
664890
331769
6078
975056
955672
173870
1855808
1081305
226684
1451699
1708673
1873343
185211
600600
1047355
310007
1530517
601036
1831309
1196945
571831
1259727
364476
1171647
66806
1339577
710775
1469679
2015065
1349851
1739045
834247
948248
100476
969370
1138815
1074330
937385
1216197
830093
1460884
275667
1472254
1132890
693189
2066075
1673269
683186
121390
1753801
1810985
1254069
1804919
441669
7600
1708304
92349
375167
422304
1851574
1287129
194223
919119
990590
1084028
784443
1288473
189919
521502
967582
918216
1428968
385378
181499
741933
921670
72984
423854
1627376
138007
613537
1968049
1891945
1401001
458604
572155
32382
648060
221554
740436
1089609
990783
783580
1466738
1758857
1244627
2025776
2009917
2062188
1746867
352959
1619808
86402
1045907
816959
781823
1859017
53663
1678689
544533
508839
719712
1048637
548243
1896649
2033029
1189467
1702933
1982265
1892530
1841558
1972380
2047720
1567077
155981
31839
579197
1399193
188330
270504
733008
1722945
1934059
959237
1313823
188029
460663
1490476
1794729
203712
1358238
1478494
551307
766039
741659
766230
1539927
1203246
1988715
25887
144382
533131
227566
1428138
1147638
15886
724111
1620702
181345
1110373
932884
1152572
190345
1816409
2011766
330614
1588493
1142921
1267869
1422984
1306036
1087406
531072
1318233
461982
583692
290229
1469815
1248419
937979
304412
449278
1450791
1534463
1529076
798805
483025
98560
1747391
1356788
1933869
1760622
1632412
76444
538333
1190003
2051274
940341
1101910
1588587
11562
1318800
155402
324158
1969895
1336116
1036921
2033846
1976977
1067270
912517
451776
362280
1878579
2004281
730959
311655
1106918
72892
2050001
1529981
1413651
153039
1691906
663137
1969676
761298
1792320
437980
1082309
956256
170988
1954614
84817
1264728
35579
1472313
968448
223710
1962369
464319
1140075
445593
180157
1525475
194423
464328
1606018
922525
359510
521332
640538
1408534
1177040
761864
130908
2038504
1636436
1997481
145379
280484
1563818
39146
35577
1816371
788993
1325080
198458
1872805
1022555
2020828
714014
1142605
1912695
202193
1624888
588530
1669108
1806965
572018
1531651
1857872
1499521
56211
794313
1037855
1420631
750254
1329368
1420521
1748977
1208387
1312981
204314
71750
1208717
654682
444850
1293829
1448318
1707191
1253103
159160
1985039
449592
939985
1893242
187659
637506
1346488
2015620
1485198
425919
542606
786170
1022433
1339483
1958504
1962151
1114065
1821195
41785
1867559
375696
132530
933603
300461
1414522
2064238
1525672
328665
908285
1522785
2033106
138814
1936438
1627037
1314690
1432002
1774707
532358
1882614
1841442
1245492
16900
1043807
1432701
1962065
1201598
212979
997991
341891
1561127
104681
918530
980833
497587
2042921
834226
539677
649551
339870
84790
499614
492045
1706757
37988
1372504
114990
1261111
32290
1970106
347592
35417
385062
994922
336564
1216813
258463
420551
1434883
725620
1917456
550965
1012850
1865691
1780370
1120491
1387425
1926434
581516
1647288
597888
1558589
2259
357124
1534598
1638976
752126
2037012
95430
1092003
1407174
1863544
164034
1045869
1270954
1622224
97430
407877
914427
532780
918702
1880314
82847
1293693
997459
1660316
1280583
727485
605377
1433111
1485618
676152
101256
558085
686527
1554098
1991253
72096
1904820
794670
856445
1170048
156076
1537028
560702
1059712
1602307
909415
603962
1115962
938495
1304936
938333
1693780
1785131
1579585
82244
803352
1546863
1191367
973104
1899827
1548535
1476176
953896
1644537
1263949
1223522
630140
1305056
1196889
1359732
481104
191195
871567
1830417
754423
236137
16603
825467
1337955
314091
2010248
1254198
376193
1079929
641257
2059281
1399836
1400611
965513
511687
2000411
399793
48138
456008
1887932
1460272
772861
1189951
614967
1033597
655118
649871
251438
573540
1972291
1504054
704158
415073
305689
1596665
733202
813820
1937788
1499534
1851640
1414172
379232
1427626
1853264
1445239
1980368
34299
1092757
1854607
790790
1544003
199528
1402441
36014
863271
393443
253399
1709104
725021
787096
44804
494013
1875832
158911
1175694
1299536
1646494
1987602
2056418
316768
1231304
256294
1131202
1245611
1974898
1980750
1418630
1579076
1435566
572853
1068840
912126
1147660
1948446
723557
1250882
1639387
647501
557619
1457027
305944
150288
1448817
442912
499814
405317
717791
417564
1665472
2062582
1033609
1541206
863415
1331513
1094155
1163709
905339
1981748
121341
721666
1269395
1296219
1293340
1023189
1734290
789318
1941883
758323
1612574
40043
1514280
1356807
1165161
716443
1229917
1643186
1919260
1314919
1076980
1615232
186728
248648
1935375
1544937
2039569
1199879
938291
1935571
1093197
1102500
535846
531475
189785
1222697
1958620
1306688
47416
20236
2054538
1782047
531731
625222
1149837
802026
1000101
192002
291534
549319
1414842
1357383
1462488
1733484
1939412
1522731
317228
1556485
1087732
709453
1348973
325130
351723
1760350
653637
1449890
356944
1142919
1115070
939112
90458
1273172
1636947
1044939
173008
880461
2055208
1490610
1607004
345895
1797402
3353
1813693
419802
589574
1049661
822029
1996772
154708
1880446
592684
1723321
1605156
110511
566830
505746
1919862
828246
1564397
731604
2022
176487
322398
1001440
1917663
2035940
833957
1897836
1095963
1732787
277252
877747
1928417
280107
1228695
577935
238262
1799273
1403562
1723615
1839695
1734090
1526929
1185512
562594
233095
965922
1958915
214524
320386
2029038
1253994
1570288
853182
1124309
1044069
1203048
971880
69457
1105277
933513
79139
1302630
1060507
357579
834319
1816074
1780421
793567
422349
230623
65581
1913033
1523400
175017
119034
1068113
1935135
1933511
783012
1832753
61045
849942
232456
1375274
924337
662728
1042382
800626
1269225
686199
1080306
147012
461722
1333809
1933865
331743
1278514
1714952
1636623
585652
1116169
1105016
184459
1974143
24619
333585
827342
192479
183350
1123603
689721
889255
383839
18512
2005699
951325
451426
211231
1121750
1918065
881463
929172
1061776
63277
300260
1043404
716252
1419914
1737311
93615
1274021
1193044
356674
1911397
544847
308434
19259
1800580
1507519
1337212
863467
792734
498933
426893
1687194
705736
2004137
1362364
713340
1611278
66159
947297
882524
632315
1951007
1058173
857949
491217
106564
1842645
932495
155726
11534
412014
473460
62254
1458957
1597148
734987
970555
1590974
802657
875994
1697014
1653596
123005
865621
1629319
117873
1491547
1881348
1331018
28828
62307
447204
869052
1116430
852619
374898
1085947
547952
655724
398368
720152
1391205
1058294
285503
1715205
663186
1825553
569138
1060807
380978
1168306
370024
129383
514578
762941
1563771
556717
815129
671486
633344
1436849
1725514
1962455
1221464
294739
410275
651618
1923522
1144879
2019181
1759693
415079
1544882
1143160
1098110
1719598
1903959
1934164
1504221
1977703
1927390
1617963
1491014
1076200
1290661
416804
236362
982855
1204440
1613314
1280794
1569908
312600
206154
632468
1784286
1284954
1792681
1358626
2049751
1396681
844033
1782552
909735
1297342
806282
39105
503344
1014560
1835492
742951
650196
1636574
931431
1662324
1165614
905600
20710
417044
2004924
176265
1830408
564602
323706
274225
184129
517464
950515
294271
1289419
2054581
1427407
544683
412970
1129723
286484
811703
1056164
1905840
1250440
1079817
570511
1108926
493943
1224890
1197293
1471290
348649
1014661
1370825
293351
450358
1770606
1616104
1640367
636953
1915900
354732
538150
29149
872155
1710826
1391167
374437
443267
1332622
1540751
1867974
983548
423998
1449705
247076
884538
971783
1486278
1403230
292599
1835852
1198541
646026
1978489
491246
151788
1643520
1137822
1030290
1202050
1067778
1085333
31554
1841036
1452977
974708
1126742
1325352
972891
1164739
1317228
860150
1230283
417081
349837
960653
1094246
1616231
278464
1751037
1084955
1814442
689700
1067874
1272398
339376
434539
647454
2055326
535365
1095998
1199235
900650
1123015
23825
1522389
2460
2053923
1905207
1219309
257779
852435
978609
1668929
854848
655374
1139859
326549
415846
1936216
1213001
10220
1539112
1400442
450956
361878
1299497
577396
348722
86018
1760253
994597
843080
1223262
2026508
49873
1128239
156991
130859
691677
1154916
1052554
159847
348262
200518
345166
702479
1010053
2012854
1654418
437170
1007647
984779
1752126
1401173
25944
1854542
1697329
778742
555473
777122
372771
1385942
113878
1888105
1820839
1350571
1560558
1133574
1525662
1502715
1943273
701971
971805
634558
1126461
1475181
1156601
1801134
736544
810292
1386597
997108
1122224
8400
835753
1288793
2010030
1719212
101764
1252035
1351327
1556745
1207876
649848
206583
1945101
56319
801498
341203
135550
608328
822245
1856516
1732491
1849529
207430
504238
1059657
1883984
1557904
917794
1548032
1765067
236556
817438
1580
291059
514884
1145926
1767330
384247
1529795
1345691
703194
1845571
1505446
456323
316836
881647
1825222
286926
1436136
233472
38352
665523
88118
2021689
1464067
346461
1697969
503795
1002804
376316
830438
1494739
909319
1697536
1101309
1986560
1042619
605351
1846068
392488
709174
1263103
737835
801870
1902155
526836
941488
1014011
530897
1572386
1417447
2056436
1628519
908197
1802209
841241
330664
1207901
135077
1261414
658444
563014
1149831
1958299
1045643
1870565
1526045
889456
131590
1151773
1692170
2045751
2013986
2040542
1608300
1330350
1751846
1882252
1599209
2029638
1764878
186145
996566
170475
244111
983116
828831
488643
1209418
1992758
504493
954104
1694038
2037410
1521770
211057
545832
1628725
2002683
1373524
871051
150165
537799
1996952
340915
261298
1669959
752118
1098395
1929842
269116
17053
424103
410079
37047
1247329
599021
880485
866910
1969299
1447513
1602752
480939
1346072
422745
1444147
1445090
303711
1135870
1058896
918346
1925281
384147
1371872
217187
447103
1092827
559864
1975077
1711643
9121
1700795
977681
132700
479494
375976
1367727
814691
769387
530435
67802
1406385
24167
438493
2066039
1741975
355228
435329
1723546
2005885
2002389
1405599
651549
322681
1112265
289363
99793
751851
1816317
1312857
1833681
1187851
1189795
1765849
1657595
1108457
1013990
234950
532296
1552431
1047042
837246
1600589
1211452
726925
863003
1855004
591963
2005981
1084168
233835
1738057
714316
972463
1192516
850042
1401410
161963
1147266
708903
752770
376623
702040
1735889
1143651
288871
562769
208423
1270102
410471
152757
294742
1976382
1177143
1442819
405199
331180
249192
575142
731826
1800158
495002
1026782
523053
1816691
1009702
765064
1110255
413528
1353805
586462
1813205
752018
916225
1184921
890691
1207722
341780
806113
1600226
145321
1314221
263528
947143
445532
668749
234080
776104
323728
1919139
1537183
1099758
542397
1428380
769310
1122127
1027389
1320211
1333248
712894
936650
981208
1777153
983028
125688
88216
1458857
1958994
1740948
1178326
568752
799513
36933
193007
217294
1804905
906274
194841
1336989
1810952
757883
401054
232761
221152
647530
1655520
489412
265481
850699
423564
193169
2049478
1287281
1661597
1773131
1620939
1023040
1053440
830796
1194392
1521157
1387206
1893261
662679
1353539
470130
1357817
653545
1392218
1921760
1201012
1840829
573378
135649
1055114
1103343
1540667
1974362
613337
465605
534724
551812
253957
1938926
1029079
969692
986179
1062728
1316939
1764113
19025
1218675
1687937
357201
421313
1982447
1573010
570568
288205
1051912
764827
1674402
1575183
1056281
1030693
1009183
1519263
616950
982997
488722
221718
1502316
744366
1381485
1602554
242786
1166018
1770235
513225
1045956
1749828
1412744
1390854
1629686
1761502
275924
1152108
823432
565962
1412291
926155
1543065
466515
1062960
232249
2041476
322198
173011
749625
753761
848266
397608
1668008
249744
1848883
1692056
1391904
2022828
1078468
428146
1623612
1312682
851856
238226
1913040
1610488
576306
257736
1516832
1581644
2025014
809510
1748274
385443
234444
1343387
1460797
1118940
979264
732083
1835427
1148766
1607721
1485012
341413
1824946
1042740
340189
1013575
541848
307976
1122918
1926829
1800668
2052832
460211
77230
1040003
1046665
718184
143533
1179167
1887223
185395
267654
721317
159428
1016705
1476993
2057446
551420
926221
1043566
62340
806906
443401
1383277
796821
610138
109226
652332
1422066
648962
1036396
1596416
564404
1541296
1750225
1191314
1002958
1391450
960827
1278693
770685
788932
181119
1346760
1516078
1472510
1403903
145005
205549
12824
1510612
1766927
4434
2053780
1403404
74373
347362
1546845
1050118
1598967
584596
30532
1621653
909355
1994913
112107
1763512
1907569
1565170
722080
1857752
1992389
34197
309315
1164096
1786633
1542861
1494141
687798
1219598
743852
808844
103399
1655932
475603
464095
176779
1449500
378440
709867
1404142
324219
690634
1198158
1806564
1989713
661539
262722
204923
698429
816128
1547533
1387090
2052645
1071041
2049734
377525
1899811
2017
2036123
1301363
53593
1007374
1355025
381545
1713526
1274542
1466933
1712072
279352
67174
1075535
770883
1857707
1307385
1453672
77570
1717490
221544
2047767
1969836
215599
1513864
439347
327734
1299207
312888
126216
1726776
1456473
1074891
761006
790315
1429622
285305
1807687
1034034
513565
411202
1623470
275728
1601677
927101
1750665
1484243
1244076
8660
699666
1892382
293108
1142805
817108
1145629
1720936
142122
920989
1290155
1196872
756053
1311755
228238
763176
1878834
1993624
1665449
303295
1216802
894934
1451771
452442
729075
610786
761518
1786828
1275799
1578050
5018
1659451
1458818
502383
1350214
1065636
1312390
1125028
577931
817251
1178908
1537462
456896
439089
1659335
572687
27011
1797163
379391
82020
995126
235993
1400857
1034840
830645
41887
311461
366883
367062
1352134
662338
1250525
949272
1738027
963731
2001119
636965
1486768
1108162
596208
721112
62367
345996
960565
1628874
269264
1841606
1077343
2004874
337802
1514927
804423
515871
972731
870577
430883
202187
661596
885038
753504
1574243
1104344
1158991
1220088
1296659
93207
1761900
1569051
821677
1978260
295645
150641
1042969
962896
652478
463106
287002
471383
83600
425648
1759305
1265929
1375049
1420440
649542
1221655
282277
359905
1549035
1927139
1014709
1370399
1623765
855924
1694218
1134378
195861
391229
1837427
1731431
1376911
1421100
1786468
1044049
1820234
74652
1805868
11988
353262
1105346
504689
978932
209543
810
552205
1503044
727796
500599
1786735
766075
1806486
1929571
771196
1352440
784038
820673
251017
206580
573238
479310
692130
1908780
1493245
1393915
1261934
373393
1727194
19865
565764
1436140
50903
66593
439415
1713975
1921962
1872327
1421847
739199
562176
1047609
1295232
1653304
882661
1623146
516784
2046238
775770
860590
1002343
906681
28877
317019
145232
1785909
1547785
1564549
1011653
463024
1672088
1760993
1195154
534277
1244718
1149754
2000510
309525
928051
30425
1083847
985029
1382347
2031188
436744
789782
604041
1271595
1167513
879772
1819505
280817
613288
387103
1013239
1770432
353425
1515103
55960
236984
159778
597769
780107
668342
1445201
1585451
890179
52211
1843987
100245
2027609
1908625
597505
1547436
432754
214261
714727
119487
1805877
978376
1717432
186240
208722
433551
865285
886751
1507958
1671396
1640517
1089669
1471585
870860
89920
2063778
1185063
1847952
580964
1819136
136849
400656
364361
1682643
1162554
1397500
1185810
1310640
1997871
122721
976431
950732
998519
912472
1260246
953191
457142
1385006
746498
1020331
924412
2011291
2005781
2005453
723943
486884
1269905
2051130
1544881
1470008
574271
1519899
1054649
160398
1670962
1568586
1419852
1702226
598233
1115991
875978
677556
145235
153350
283015
1855824
405490
1940706
1538409
564559
1376767
879089
563337
275344
1330077
18979
1875395
284403
1084753
1591728
153783
300724
1781288
1964157
469755
198864
1695348
665252
1224968
672162
183322
1726311
436350
120552
1981362
1302241
771716
1477968
953620
1511390
207794
1883346
1891123
1226709
394514
179298
1899757
1876961
1180948
714802
1039388
1913894
1600221
1830729
1566656
442362
1501946
1747491
2010421
1173861
1457516
919282
1855318
1304600
161998
316658
1489703
93107
811845
620920
915288
539926
2041778
993215
138200
97857
118805
622540
903299
1092537
1482388
1435070
1297109
287822
205585
1913938
1215261
538888
597306
282575
504127
1487457
39694
719207
1145818
293000
979556
259816
1509085
346480
1875761
697931
1347400
1081395
1381607
2065947
1511004
37557
723461
1707485
562120
1789220
420027
1446592
1655643
1194327
979388
1300644
447815
333800
1396927
272958
1585611
1002147
1667887
2032468
1294896
802897
1518119
1016691
190986
1755286
1764858
1771774
1881053
1605109
370765
301887
564754
475230
1064250
1816474
2031036
14207
482235
1201031
1329085
1279332
2069589
1001044
405331
1584970
1790174
736876
1911073
460031
1482454
933643
1707823
1781319
1787254
1330456
717139
518641
392826
1455176
1416353
12748
369097
1003572
1678915
1661274
1113718
915361
1281259
1065910
1138008
1647505
606209
1719320
354407
1315779
451936
94332
1447168
924411
2024269
1053280
535447
1534819
1068338
34317
1062512
1239552
1106926
1058275
793003
2008282
842952
548083
1271772
747015
770490
1733427
1532319
137099
1818263
1725737
1573774
237820
573480
996046
1057153
1681030
1942694
1796524
36091
1698238
1721996
210901
348796
1418412
1108105
33526
351253
241979
1575897
1979670
1156033
398730
143024
145730
1173458
1962699
1895380
1321584
635547
1077801
1656247
618084
309806
517147
1649677
1918753
30356
1564992
265672
959924
657812
880526
1134349
1263758
1004873
2047039
582836
30999
741765
1367394
1969124
698962
1658836
771035
1497601
1881462
125660
1313984
1694425
1726795
169496
745808
1031083
1533889
458429
173514
1850161
103196
1345765
1662691
988105
648327
1458743
819712
174322
723645
34966
1710754
603038
1254043
935711
1339353
1237779
921988
1290878
1240212
1371981
246717
800979
1610786
1479208
876525
1466493
1447035
446396
658422
1050127
483448
830693
1025152
1184064
441609
975679
1408197
228981
914311
1828460
792184
1108301
1812915
1092378
1257457
1712100
255852
1096035
1021081
2053374
599874
1121049
1033370
1957772
530974
101592
70726
2039908
19708
1214720
1524531
1744367
156095
716066
288538
669864
263706
59274
536122
647559
1195164
1428399
939591
91639
847160
2042376
1897611
1037112
1222843
677908
575937
438730
2004858
1611472
1058938
1785707
1705288
1645751
1199984
725171
2059085
1882588
1315199
1615086
693193
640011
1850787
1271320
1162505
1058200
1531885
489728
1490079
448699
823360
1590145
1695225
1437964
732798
1764972
2058208
216633
2025965
369775
133585
64115
856408
1140213
1336837
1435197
1974535
1588172
70816
146830
743282
259708
94512
1946967
1860373
658319
804017
1740389
855590
1027550
567614
972708
1329274
326137
183490
1806298
617945
1915495
704821
649445
949871
831087
1655073
442590
1524884
1926884
300020
459512
1263047
20338
1329038
835652
279577
1166820
1219334
1662321
1494722
1724034
1306805
1713112
1347367
1634624
1582025
1270264
1597843
1790570
1107300
650453
892329
1827859
1009757
303749
1443141
1035019
396206
1527570
908568
935549
2017443
524801
1923632
1802381
1447904
2023351
958390
879539
1833212
495812
294883
1681120
1154429
622168
129485
1559325
1987720
1902921
473902
24379
1160624
1481450
1595912
961640
908468
993534
801989
365131
1283073
1589790
1595387
740010
1665210
699262
297471
1189546
501139
392988
1466050
1446201
242401
1801093
176430
1531980
1814740
368433
1457297
1008869
958509
1479202
65209
1031651
1767291
1037542
1289484
1636655
1775046
1797597
1285655
1559737
630685
774805
1451603
1562961
583316
1685317
43
1385302
1170389
1492750
564599
93202
1730907
23403
1151289
933450
291770
1303388
1748085
1248630
66514
1109977
1336204
1253132
135498
379443
316790
1397342
340029
1171716
1447357
854438
602947
1644475
721113
824168
55601
419183
2032590
767202
1232927
1260013
1911379
1069945
1004914
459248
596658
1573097
2036636
1220471
861946
326625
1213724
249089
1870075
554302
781061
758619
158717
1464494
1952073
574029
644391
798602
465053
821518
223455
532147
1118908
1449214
790755
369988
325713
810388
1956558
408570
1478540
171029
883803
906097
1775699
800504
57014
308658
1440646
1248559
1589544
741770
1135623
784719
410843
1492602
493542
1307158
1965648
707626
1749190
1233899
825361
1811566
1921886
893568
874488
1127900
1637242
1054941
480845
278002
1426437
1890334
2018263
522646
520212
842241
444475
1911625
186560
219235
363917
1831027
1984866
1773255
360758
1163836
93939
503870
1856044
1752682
1137966
35275
426487
719362
1187825
137936
538720
407470
1290495
852944
1618604
794166
1053816
1238641
1326262
1384356
1419479
642998
437790
1222355
1768941
170959
1968606
1778068
636133
1784623
483381
519221
1891355
1191593
965199
112694
717475
1825415
1904448
597966
1464897
1134661
1052366
426582
1969833
404699
1822347
524598
1944928
1199547
292940
1440747
1204869
1930380
1243639
1423282
1632603
1679351
29927
1032833
1081865
457862
712263
385455
719889
1946466
134218
1778544
177616
208618
604651
203251
2037884
724212
1223957
1551958
735865
937404
1926781
1349550
792695
729465
623059
186605
197080
1923490
532552
1001139
374204
293853
2008733
1270939
1266213
591935
153994
1404218
1387415
1159244
281518
133515
404805
1430239
1066153
688406
2018185
1133155
373436
903761
1500229
1556556
1413022
206915
1966722
297627
981274
1576154
1669889
269986
1023759
733367
1579929
682425
1398515
240932
438275
758078
835853
149034
447569
186537
278099
1546668
404250
1887686
175393
814684
530123
18888
40016
1106678
1731963
394850
498539
1529511
282539
1251597
1378958
1086542
372219
2009741
1847074
111757
657296
848252
741542
1389887
527679
431617
1199563
1204238
394124
20170
610632
918321
271980
1541960
876708
2026919
857006
257875
1345982
1909955
658051
377527
1191009
1006736
146264
1373154
1045654
1845116
1730299
520810
1674546
312927
63476
1130379
367591
917203
983034
1764685
1127696
295205
832231
1326549
647796
1787664
1871283
1565369
662237
364083
753898
1212364
841094
222086
1931598
1138461
1397159
284970
1353055
1728539
1205328
1780877
1126523
1319301
540017
906441
1930327
704181
1286217
1318001
45592
805816
1845654
1989535
1248242
1810068
1199522
746762
1752010
637514
1187647
846148
1872498
2017933
1471629
1875214
1319756
1039826
1869726
313282
817277
33168
928967
712229
462801
196825
1824782
320031
1615985
737637
1122279
792377
822291
371387
876233
1792039
338
855753
1917734
1961336
1496236
49368
690713
1089710
359940
390959
396366
1865201
1516880
1769895
1853466
2014468
1674928
547537
440520
505207
1722134
1540471
860467
3857
296432
613085
292789
1546277
1625973
1112490
168522
398910
1248318
1165753
306146
810224
181218
1690057
1915427
581812
538404
659247
583562
1953547
464148
1179815
654872
1242972
1688077
1951273
912197
1821760
605288
734915
1086559
587481
379120
1840147
652539
2037690
849473
1625178
193258
1804714
944148
80447
103874
1253523
1294188
155651
1784374
1559949
148316
390807
1437344
1032574
373870
793341
1277569
1281751
1966681
1766684
90644
834401
1229845
32288
129356
734928
306961
582255
1290613
1227282
1952871
1966206
475061
915151
1995447
1553540
190386
1527842
1944321
712032
1868471
1757243
193204
1425571
1346154
1026167
1035188
1522853
790509
1194827
1406255
677883
1661437
232290
1024671
426685
751591
1425762
447331
981126
255623
1662978
185374
1119943
788934
30828
984385
406778
82139
1295188
386845
1709338
859332
1537966
1413180
1440088
531809
832813
1561263
28079
783549
1508530
1262484
866378
566610
1051754
1661207
1586433
1561620
1457373
1597663
287255
249920
1961718
1439916
310369
341138
662383
1292793
1257130
975473
1512442
1876434
283359
878943
1372449
1621296
1367184
846807
1326738
444852
1702266
618381
1017360
649726
1228402
213355
1705740
2069918
1039415
852198
1311009
187189
686999
1602031
1756705
1806164
1463109
1469634
1016237
961717
1361975
130648
187084
1277049
377170
218002
1783898
1102178
52756
1806363
706235
1016809
413677
961234
232096
1653846
1028080
885153
1976983
364441
855412
1368337
1720638
67479
1228322
619802
867544
261718
886098
617829
416964
552924
828769
150510
377701
619382
469795
1203725
895787
1147313
372976
1559590
2041298
2012062
199290
383200
173251
173467
1452952
1738122
142009
1901481
1984958
1109307
334698
1167688
1444908
935500
891701
1188353
462009
1612253
1402316
468054
994031
1193721
468808
353642
539545
728376
1541479
574170
1162207
1964345
1461241
378397
975040
452411
474631
1519764
806291
199660
1327757
177612
1230468
1213315
1383127
572682
196741
672340
1445089
1142298
2015146
899006
1567028
1184911
1045059
1030420
2051128
1442648
436382
1366414
607908
1835141
964776
1814628
1397541
1665819
1915116
980989
1595718
1657556
289771
362208
1343344
529374
1395753
1347088
280166
268051
479476
254846
1169185
1103962
1931238
951169
1129545
772556
1604202
1966011
289917
1660138
1850041
1439708
277639
1288183
439590
1723655
184149
611030
643578
361942
826293
1065978
955290
1559345
483126
36609
1266783
947070
1210883
1197573
1270839
355008
1110909
1294203
1893105
718821
1998484
981344
1145078
1089688
163260
158234
1284220
462403
787953
685495
2065726
1263524
23452
1670232
457693
237294
1954111
1504269
1567017
52469
1733845
430377
1244568
1094564
179569
1860753
999387
759730
855277
2057522
2068813
262756
1245662
691383
137176
1083874
1621364
755128
675127
975849
566653
1766165
449982
1525121
1971920
973849
164772
634602
355111
441253
36822
1814489
124910
1904632
1942201
520332
238838
1466946
1509795
929619
2024044
454521
571322
1490599
1019694
1657653
552252
1533238
783137
471427
401729
1776523
1399179
908909
679024
346569
1495463
1880831
504296
1742107
1189949
1786994
1201485
1599783
131794
132037
1809119
942265
1337894
573274
1923086
1754565
1878295
1120264
280674
1934116
1453740
1156857
341016
12978
1222574
453981
1397280
1901525
690596
627350
1402662
1094067
1915382
710751
1084816
1944438
832984
850024
1758227
1049462
1462159
518988
1277360
311667
1992816
1991731
1508776
1924353
44213
1496734
533429
166647
620220
963611
1011923
926495
554877
660070
1842998
470924
450936
1278619
1901285
221829
1974859
600288
574581
181337
1629474
1511371
253523
1588985
1611066
419005
1010019
796907
353273
1231530
475893
99036
192377
1676763
1837361
996071
687610
648167
1594671
834899
1659698
567000
1311126
1204612
608150
1858233
1670687
832757
1824400
641239
880660
1913578
314360
1646914
310211
320566
1979290
977262
594990
1188562
903479
1895953
479381
1355917
1355971
2010663
782228
572857
1761408
14023
982983
781000
266801
2023767
885367
309548
129779
1390206
1902567
541868
1240425
1741018
1630628
147803
770971
1383034
1357686
768068
353380
1967041
1362403
436323
1086014
511704
1646011
1374396
1826500
1103301
1144959
1293879
1283257
1691819
1638863
254147
609234
372997
1726953
1901459
538581
90634
1245867
751683
154903
393628
891004
482170
626339
658183
1064025
13027
2033121
1826594
881761
1150731
314392
67390
1431800
271613
1388096
1240914
1495172
597136
492563
122526
283631
746574
319155
1427673
147623
1563531
464240
28072
792460
773139
24333
1568822
1246033
1761785
303763
709228
76095
1384815
57104
1972121
985324
668922
677899
76225
742250
518770
861335
1686599
1080078
1934819
1020258
288863
1696483
618395
1448975
1215220
180870
149168
731731
217904
996161
1894016
1844730
515217
1007470
1112464
860311
1375966
581251
1476811
834480
249109
346586
1196785
189043
1724128
681862
719173
2021096
1323026
1432193
2045066
1192024
733723
1531690
1368390
676561
3581
1510520
916330
1355514
1014458
642258
1727269
1879445
1631961
1091461
1906794
960600
1981314
1942666
294949
260496
1137220
1502483
1973392
592088
1913338
636685
1906730
794757
1141151
639080
1280433
84778
933319
1618244
1748155
1473014
239942
1876943
657323
1584348
1898385
1316175
468200
1265631
233600
641792
198749
1410100
1355700
953294
1176154
1661008
1723690
401028
1009875
699713
2022999
16269
2011163
1332957
386472
1319448
700526
475052
99383
327474
1453785
838931
1450659
670093
875660
1810498
423858
819210
1576609
1867105
1454865
962497
1200033
1195844
511593
277826
402485
1959337
686095
154808
1904356
979655
1403812
1308053
213590
711844
250084
140630
1215023
1628740
878993
172958
970303
78893
946878
947094
2009881
485673
370349
1540231
992640
2047390
1734799
1307294
1870589
1554383
324950
86554
1041605
664340
379975
1602425
1937481
1651375
964804
1528489
223101
360333
1965480
725427
1184688
1341892
1329914
1352259
1912855
2020351
519566
2004580
1457551
867994
1907317
2032596
619385
787778
1740805
1228166
392002
381841
935908
1662898
426396
395564
1300376
228478
769504
110738
583072
939142
1129913
1158281
504452
500231
811232
1826701
1500003
503330
1503901
1215516
879612
1088125
483174
1764108
485417
323563
2012706
1650341
1057928
427561
1153284
1076821
1913206
995647
977184
954729
1396500
995064
609669
1128272
65257
1419815
344684
357364
696668
679721
663609
1149107
1838421
1501601
1836982
957536
2063101
1323200
1722269
1758931
1564006
959787
135485
1567638
8735
445809
1979444
1294964
1826154
300419
138624
810568
256187
1322993
2024220
1785349
833774
1688080
508230
1912628
1281096
317331
1366848
1847688
683602
107388
1507202
1460625
486578
733529
1122748
1795489
1929480
1553720
1520992
42946
1099447
938494
406362
604187
2068480
707952
91075
128795
1802501
296824
619226
8897
1176842
1601728
435853
304359
718726
605654
1044582
1049658
1429347
1410109
1483918
1192541
1448004
123634
720344
336195
1934271
1115503
1830712
1256965
953062
11469
1820696
982217
470850
1697414
903968
1435685
1665295
791349
1930206
1264747
1550589
925795
1026440
294384
1227155
841658
358712
45086
1580008
1235521
1997704
1521783
375988
1180717
519158
1156611
108373
1950282
411333
1287089
1266805
824219
1479535
539809
480432
1993291
303738
1913185
498240
2033452
1041732
659846
1278088
286882
460868
1812395
562615
181941
489435
2026543
111804
1856645
1987190
905127
1515325
1935025
1637829
634623
750927
478436
655473
898539
592928
890353
230404
782209
1623745
534425
1807645
1468225
360343
1374067
573529
1644889
789363
120136
805986
118533
886482
1974238
1187250
44077
1760138
305251
595137
380209
487863
1334149
935999
1658348
1593263
185108
1215632
1218601
318071
366170
1249585
335195
975765
590088
1280467
46188
92401
168233
1735590
486137
491279
438318
1358085
144825
1717974
1299616
137158
1339801
1211508
1372391
505872
2055728
973069
1520673
1758224
1026852
15647
850568
2040889
328535
1816988
1779699
2044444
1289183
1865159
1586122
2048748
1815519
325812
1433489
1542222
1796104
741462
1982526
1167119
1461690
1307895
1903056
1913878
663472
626054
641964
664205
1351463
924439
1064434
322269
1825401
961673
1932624
1264227
993665
1937239
315253
1099951
519443
722891
1552004
1115112
592478
1953633
775820
1136884
206862
680329
156603
687242
1902597
1756444
612510
1815376
1177978
1996596
1943846
862525
1780906
436252
1115202
1423525
144857
1389345
607759
1372071
1027358
704950
1736953
552218
886482
411023
178254
596154
1663375
763053
1511016
1835614
1228191
1530143
2045843
763747
1268539
844485
394986
1564538
2069856
596371
1774261
1029284
502375
1661230
255033
731954
1095587
856758
1742010
661694
746195
654165
1333452
1163677
959279
1971973
345768
860795
1331894
1717038
177577
881725
802077
399303
1457082
397710
1860710
2060591
18481
1318827
1639838
561496
182580
1666304
1441430
1257872
2069760
9325
1983707
773708
518293
810210
1405467
1651350
54518
1453047
174647
2024490
1443709
349080
2029463
985671
1760557
1380906
1121558
1288203
1108649
693095
1493007
1891628
909839
756845
1251918
998683
921500
2030837
382642
135970
586531
94110
2002618
1491793
1847692
1082662
2060696
924970
332222
2037738
1665400
2015110
1947452
548169
1519014
1818085
956955
60652
550153
1606482
1769385
122037
1755872
1458620
846948
995696
540180
1646856
1378876
176345
877201
908271
1122980
1032893
991824
178486
1510407
1357329
1904861
1598017
1335833
385050
1871993
503538
295757
815917
2028670
1491683
1257100
367246
306513
56915
1636159
1745932
1366830
260456
338595
1149194
850176
1900653
1284605
1510284
2045338
982261
170498
695495
1775218
1782637
314285
502739
337105
613230
637322
77051
340792
1542131
1495491
1238887
1202610
34391
849101
1709556
1359835
343146
1923907
521588
2060179
239970
1547684
1168312
1115249
843792
1242736
1657897
482523
48943
78711
41068
1710981
58589
1196601
1331922
113477
1802423
198356
1399142
322880
728866
1931440
1948892
164268
67737
1604449
1512793
1187095
94197
1352998
365528
916744
327521
1180384
1107799
529841
601813
1971127
1540332
948323
1921209
658012
1388075
1174538
1021468
1393671
1463910
775992
1790517
1929818
540162
934302
595092
43191
1960695
1214014
1365935
432067
1022537
1989059
1533838
1074495
857658
1923678
1592922
1087688
1896686
324082
731587
1668955
1480887
2055324
1598085
1677009
732772
1146043
1661440
567177
1816891
585698
1942343
760848
229060
561489
428514
277009
87164
412499
1404986
1074541
1425640
1385844
1478224
1402439
1332877
1109242
81809
1934553
561994
823351
1022580
258122
1370622
988233
1534536
1463465
1833537
2067412
118315
1718068
943884
1581529
1984014
762783
296595
535195
349531
1447457
1967181
1829185
651558
1666541
868289
567415
518333
1623844
1575816
983402
1815554
783424
890220
284738
1191389
346299
20016
240619
780087
1016616
1884710
341717
2003626
1572861
1430120
892612
776718
971086
1792764
1577700
1183197
19028
1720523
1361889
1005638
747167
974045
532653
101276
1602805
733045
1993762
106254
715278
163847
1441204
853780
1288153
473814
792488
2029366
1085258
754827
1493119
1152497
1562122
760842
51753
1725871
1691284
1498162
236868
1345236
1279056
1580461
715194
488728
247142
470446
763347
1664054
740902
95448
59274
996474
1401980
707670
996468
742991
197788
454698
1309890
578038
1273705
1946457
1088158
797148
1850319
324377
2027878
760950
547565
1921531
565317
515361
740380
712086
771994
1268986
1907414
480682
407311
1573822
1801637
601892
1417518
1901763
1597409
1471899
1694847
1065161
1328795
921985
666267
2004747
784219
217049
1764435
761010
1824835
1601319
1117955
1414545
113530
1341208
361549
171487
281095
1121420
1452943
293797
678962
2016819
1391740
2056868
974973
105533
575395
95737
242169
941792
796581
1250758
2033315
1778804
1378676
528974
1835444
1956628
1760143
1757193
754377
1314881
118502
1332815
1924566
728621
1949054
904452
1241840
427280
1852027
547109
1785846
1987322
1086650
1039929
260272
589378
1172065
543008
1069276
913330
1498832
248041
415195
62894
29232
1250660
1930537
907836
1011445
1658717
978118
652574
359535
1889046
158368
1851664
699397
141425
1892776
1650088
865970
1860096
1484941
956611
475506
585209
1647965
826267
1052644
1061282
848211
623638
1664909
384151
933166
1499445
784366
1291112
1874413
1105618
1062467
642297
1436201
415689
1762976
1819004
1593885
324951
172999
1615768
383595
944908
1458941
1497617
332234
1586831
591524
394722
1165267
521602
574062
373825
1160698
786617
1482684
666303
595006
1853502
1253026
132275
621061
1716020
1162552
1109643
1723406
181837
652811
1808187
854668
1059825
1160807
206151
1154298
796122
1093413
1633315
734428
1001201
370034
438498
694601
213623
1164552
1603620
733301
142038
596485
25760
325715
1715593
724326
168120
407015
1537368
194550
131407
1897594
77259
2058968
1827227
737197
471525
375730
1401276
1892110
1376260
1168373
815807
336885
1380336
1051852
761326
843423
43375
1985957
1838932
1976005
1297716
1795995
1956962
1509498
1393435
1064626
52662
615805
1869478
733209
512274
71687
426389
254792
528228
1826923
1305310
1620189
806273
1066029
415883
987506
2009436
1313388
2038143
2025068
1779613
2043873
1348305
2053920
539438
2010432
180746
1405441
1226229
1992161
1167779
1359955
86003
1687194
1165460
1149553
3845
1002917
302484
1592901
1144426
1362054
710194
1542246
1351677
8118
121807
507519
1858379
1055692
1521996
1143072
637242
690856
1650539
1172752
91649
1744518
812062
1400202
655847
1854899
539808
1044411
1936383
501282
1925422
1907666
842091
1092099
683160
1259141
1850425
335464
1994484
589918
972585
1888206
414265
508217
1027424
125494
1069797
1728173
1442749
1506167
186212
2059751
1318628
1812426
1501498
456487
725580
620087
1031671
78627
1319698
590042
496866
435668
317301
1000308
1523239
437319
1266550
1345423
742988
323411
760962
821538
566162
1584828
1398949
1438257
1828572
1044461
1081561
156628
1199928
1039136
476746
1704834
313786
568886
1102850
1021566
1930064
1494860
660579
660666
932111
1678772
1593987
1277965
116293
1207152
840750
150177
1282090
158635
1628566
17477
303041
975618
272986
417525
526089
487366
1325484
1843860
1342277
1227743
1279688
2014121
1048328
1836616
1205890
1244336
86075
285373
597087
759451
1431947
1216943
43051
1413172
222421
378469
1369870
333212
1217329
926481
387893
919619
514308
212767
1339505
893744
109461
453516
1085522
1061156
1446658
419223
451682
1296894
535226
1431851
108295
873971
1440800
1619374
1480495
225977
28052
1170284
179938
198917
1840452
701590
504021
456436
1255678
422292
563774
306745
1047845
1600808
1094310
1525085
576894
922258
960170
1686520
1208838
642585
1115840
872314
1574810
1957597
350981
786959
345016
1202449
2023778
807973
1020583
920041
1076415
1870228
919578
259091
343799
990378
1316637
1077854
1950625
1107516
1973241
1756978
149642
840070
37607
1352087
1070820
1453978
502528
1124568
557620
1509794
537444
1071964
1333769
1518458
1710630
1312111
49482
1918995
658945
966605
1730016
1982198
291498
1795074
1403358
1620884
275182
1725806
683698
1617774
1664625
391278
2020863
1703653
1295020
889594
104565
2004630
423488
1176024
1303557
639317
1853424
644249
1949415
2024854
834514
727423
2730
1759583
757208
145270
1711381
1614030
2049750
1389588
225624
366173
939008
521045
932626
1856841
1635385
1033256
1770052
637795
1806530
1889085
283625
62967
1256783
90225
15342
1415609
978587
922400
1757961
1285793
565587
1128035
403027
570981
61107
368390
1958658
1691031
1199397
1330754
1574495
1337346
1707344
69493
307647
2063469
979447
1367529
204661
1705256
1802590
2011817
1111344
1765848
8785
1816767
440200
129641
136432
289525
483714
1615835
933642
906801
965557
1243875
1155549
1390327
410610
1185584
763697
1172175
1447858
286025
1087860
257791
1773800
593661
1727306
767652
1822019
610372
415974
1505508
137710
172242
792866
1331172
1527319
459314
599728
1700033
656618
279617
810843
975808
1123438
1589350
1979063
770650
1266164
768022
64201
1880329
546716
1987333
1994810
842185
1889238
1576954
908000
765705
507195
286171
1532453
2058586
1462197
1082235
774805
1790050
1694248
308107
1011356
1651625
1409018
1609998
585802
252115
1321628
1110386
1280897
1948962
157273
229804
350026
180128
628043
258932
596292
1813630
921220
1255862
593901
1368949
559703
1564495
1815467
1716269
1624719
982827
817207
292801
956398
1936074
852552
1925265
648850
888505
585586
1947359
503782
1823229
1067978
190654
1054610
625544
1271809
694182
1183816
973770
1145011
1436947
292542
763077
908828
307258
1742694
1571781
1995295
116668
1128839
1697973
734322
1034214
1636414
1361516
940835
689715
938726
1161943
1151647
379897
903670
380925
209170
163156
1857710
1643512
761450
1343064
2007617
1932294
583271
273064
1761829
210606
220042
425852
1446910
1117767
310504
9780
462259
1482075
1504137
58798
1903828
1574765
484420
57858
1676337
240339
221418
1045198
205557
1862144
2006223
1159947
1949757
271142
735322
1549591
1083713
1106670
1219133
394365
373498
1018073
567250
724143
1418116
1050186
548615
535850
1683753
1874630
1229442
257236
1270056
378944
562498
685252
2064809
1661124
642627
869252
1763809
1192788
2059370
92190
1580141
1216050
1952526
557861
1476670
1407704
124956
1111453
80098
1049219
1853689
1562605
72542
1896723
1937653
791534
528162
1678587
1019852
993625
61482
1824304
996597
397687
513368
206308
2066902
496251
73827
1232795
1954680
1727624
942727
759709
1202603
627734
169291
1667390
1448585
2036294
1232739
806415
2069940
162597
213561
2006804
290514
1430008
1435685
1996739
415161
735555
422029
381812
1911225
848330
1491004
1539790
890970
1781807
1070053
1351549
886826
1115246
902076
1555423
806743
1190740
475583
719364
196002
1522640
533374
8168
1723845
1998061
709386
908918
1678623
605444
1997852
1810560
133777
654119
1434461
1214426
887299
1893466
543188
1529054
1746457
661846
1251218
249085
1245787
1379107
104380
241131
2008563
1966069
1415853
994937
171789
1463800
1441661
1589495
1691443
729109
1368770
1660507
508618
741694
12332
1406826
1933391
1202077
1587779
499140
594083
1496724
891103
800719
191544
1199629
1890995
1371966
1625617
1002225
695711
1037885
1242362
787755
471066
804869
938752
1646866
1634555
1333442
999400
1641040
243793
1672844
1905953
264769
95910
1600047
353586
1374433
954659
100715
1626724
1706167
619439
1818078
1615074
772515
404190
718975
672027
502188
1591046
892696
620766
269100
249606
288259
342032
89617
775734
914423
2017016
229877
438604
932093
19247
596536
1240251
1845462
1195914
567561
69224
2017260
1236425
1760572
950927
177042
1430050
741569
374023
1002957
81939
790225
1919339
1794530
476663
689534
1571693
1353378
1524907
1403516
814354
1666843
1620926
1038960
743610
1424739
1649810
366910
864470
273603
602572
449542
1544842
440078
1752249
1090995
1060027
2028506
475424
420280
893694
1723173
592788
711799
1104735
1827295
1396619
1229894
1660992
1396803
1897232
378016
1287083
551950
1309255
1857811
892959
435297
893705
751109
1870586
1423381
1850190
1859060
96317
1361854
1056404
1935860
1349385
1083031
1653186
1321234
750143
948086
1592282
156683
1147891
1775161
1912623
577266
1149596
1442201
979240
826283
1629244
372514
935661
1601897
1976592
295215
598248
739928
890476
1909790
298165
1412279
1774713
1052785
317700
1080344
623401
479604
458958
1160814
268809
160625
346837
1253430
1433075
193733
2065805
773229
1474166
728313
1033922
1361541
1253274
1301974
610051
1034112
1648308
1569679
1798080
1241783
1254436
1486410
1984811
315560
1182755
2028528
1805576
1872833
398416
1945153
1947309
810183
336580
58276
544962
119539
249814
666447
1026194
1752993
712702
835754
108290
1086815
959224
1735565
1656062
1111217
645900
747243
1853896
154171
130152
340440
1789397
140414
1430330
937066
867211
60587
338702
785517
305513
1226633
1091993
392309
612565
1589816
1497940
772284
887375
230569
167995
557963
174313
1451986
1291673
914564
1987540
613124
1870839
556987
297931
1146107
834921
593919
1096926
607764
1415981
875246
3894
1900415
1673836
989134
971195
1172122
1263578
261423
119112
1470480
1697749
412426
379585
1179283
578750
407096
418997
353795
390539
656266
1307031
719722
1034754
181076
1485397
1329646
98965
592604
1732977
1786477
954020
544252
1701424
1524240
1546455
818865
767241
1045941
1120377
1845302
875808
984717
1723873
487553
706195
746349
875633
1803812
782792
504754
213215
716682
459421
406403
528894
1610685
621013
1085592
459246
566534
1083734
1295682
364644
207454
1771625
1395865
24389
896584
76375
2069450
130484
1101684
588758
2028276
1154349
1137057
1342439
1480991
570699
1644855
886882
24806
1393575
163768
1304853
377699
572470
1811277
1905680
840255
489326
854010
1043689
1803589
1696057
1245161
480413
1687248
1440275
606359
1401538
1467763
27427
395782
604323
823704
2068967
1933147
694457
501068
1854723
1560242
72679
1626911
1430044
59003
621992
1672490
1808285
537078
358636
1210450
419872
462747
1642954
841879
922609
444175
547221
1847154
729255
1493516
1170260
660569
797481
175456
759789
418782
20337
116580
1505734
1937563
1141698
1324904
52926
2045520
1846204
1300888
1289292
1581391
1039946
630591
1751573
1090186
718547
1102242
1308030
1391607
2024438
1205844
1513335
1503917
43532
881845
1808048
1589560
1437225
2034191
1889289
679058
22110
1473199
524696
1318949
986817
758313
85537
742108
710672
725968
936368
300073
1681311
504466
1454321
139416
673416
330104
1798147
839096
579937
1176653
1748411
773869
169527
577280
1422248
962557
763996
1625458
1272632
786023
613789
1013578
1722318
1969055
1223741
279762
1325502
1742127
552679
306639
141844
804597
187779
1653711
424026
463500
1662308
535400
269264
1207262
2047608
288563
309390
1851294
195681
1947802
600885
1983941
224616
1182543
1291973
1221707
92123
344653
1941182
1533587
882477
1834712
1163827
1698294
1610832
463384
663816
1219147
1699356
1280248
218200
1459636
234318
1104850
1388391
1970453
1900034
1695206
376245
1266171
865946
913842
180165
963642
1123198
515445
1477641
1658934
1879203
655335
1095443
1382348
1034988
778010
194509
194408
426582
1217475
107827
48002
1737086
732768
1449549
1038068
902282
729630
1267087
1806838
1085293
735342
1527154
1417174
1955346
1279323
1178943
1824888
318217
72099
1053657
934596
909640
1733578
1470370
919373
843508
1100408
1089998
205789
1678680
1443885
1136236
10557
1693458
1148689
324159
1934131
1246579
868666
1470793
1156203
201692
1955973
1819986
1225534
1321853
1800023
1234993
1597373
601783
39957
403070
954344
1771066
653883
1571015
113293
1895300
760595
793598
1150543
2031891
1685585
1661121
1234428
761474
1639540
382589
533608
402983
1680734
409734
1066878
2055870
1418836
1882478
1448855
1724610
1794961
406250
867809
728610
1255361
691521
1701561
1456502
1549801
823581
294781
948244
1532826
524239
692445
921572
863549
1385560
75322
1255193
78013
765955
183748
99305
1908353
1059916
1917667
1177264
730454
1608864
70132
1079464
79006
504662
609615
1238846
92824
1436520
1540103
1758455
1374459
1950655
546545
184584
1336735
1650956
1805609
1061192
1036176
1694877
941842
1294821
1443844
180877
721581
966504
2007593
585631
697741
418726
1730101
787004
845373
957118
2053207
482827
1995511
1268685
208115
244438
979794
1784126
295552
708206
1360770
1668250
1357186
1845347
543707
447968
1935403
462709
384866
716187
862731
959860
446732
682889
1036934
302874
203410
1217758
1790105
214806
1551076
1028494
970626
104030
481019
965989
1087015
1322066
1492580
1091434
1480930
1893689
530219
109277
1677998
190792
1612538
1544510
1588493
442231
1925234
1240560
1303118
197814
336264
960134
543790
402336
2062813
928663
744413
1064884
670869
788069
241367
1884139
1307577
695017
186060
1766760
1593715
877632
1871989
1091866
854143
1853081
139606
1192326
252075
1767713
925134
1667784
261347
1272878
450780
1003050
170443
756991
1240659
1942577
1495955
1188005
896199
1128485
336355
1306106
127422
1818450
765469
1691683
1174760
2053083
1554452
326013
342247
8234
88355
612101
1531025
1289688
964643
223985
1883206
1220131
481695
412204
428701
120987
1072460
678061
1107644
1805052
236677
1532479
381996
1906834
1604968
481960
193966
1685286
923004
2063860
158414
261399
880254
2059646
1219821
79449
1163133
848498
1855446
1140272
1578141
1897610
211543
95217
758047
1613127
244150
381404
880433
735346
1049111
309980
1915679
1568504
487882
1079352
298959
369817
559135
956108
1103829
1776611
1851284
579258
51064
1013030
659831
1951506
1177216
1651987
1038260
1316231
405248
1849531
249571
794587
178545
836790
1147356
121581
1291968
747390
1415615
1520713
1919343
780825
328616
658271
747313
1336231
1502354
1829083
583694
69750
852414
1367381
394221
712492
114100
129989
1614560
2013270
484620
809042
1894724
1530439
1342953
1766414
1607313
1968364
454995
551659
965071
1413054
1335161
1880277
438070
145356
1334669
672916
206240
565921
1914634
147972
1939370
301468
233689
724394
473497
1248906
1253530
520826
82645
2068128
1645109
474964
1122066
976022
1638326
1067498
271584
394154
1931322
1743125
798149
10783
1218479
634800
126591
1086764
222208
1582857
1610781
132397
1144841
1567029
1200410
376802
596943
1025962
403898
1152367
409311
1160378
841148
174067
570962
2007232
1925781
1004621
137315
330473
1997615
329000
735061
355533
688808
653389
115574
1251982
565404
480510
984738
2031978
519260
1737518
145426
1503287
521654
338360
1426255
555007
1071418
694825
55002
1440550
67344
313204
399688
981278
25462
1216145
2064697
1478858
339599
778771
890952
712197
1865176
524873
1043878
1414105
145601
1104604
2066125
537473
1577334
42082
731987
770007
1017932
571268
911352
2032531
461023
513327
1019364
947244
1303295
1853546
1350122
1336537
1243060
140156
1868340
846982
1231385
1500745
880768
161581
932568
2035395
214436
480742
86405
1126745
388338
1842216
1080238
926971
970188
755174
1301341
9952
74435
96163
242614
153806
1231632
583584
1348616
725790
517799
398214
940056
527749
981059
1653462
1733331
1955891
1870329
1347918
1765728
536006
1728899
1179663
10895
1437840
695270
1008895
1376768
1070070
125724
796691
1296196
1854446
1581014
185013
1804045
519927
1134525
1305116
1965036
527779
629313
302989
841615
1454463
1165526
120222
1814127
749298
1941132
1048411
1746463
1951161
416444
1172214
1248198
1423661
1390486
1483515
1819444
118788
838394
1091532
1803796
1721211
1136300
1452040
1119256
632795
628371
262130
214335
377730
1595430
1696938
7613
256839
498322
1316626
1435630
1428602
1939885
378286
1118650
1561059
2049427
325300
22589
400444
423390
1668816
511245
264233
1326580
110600
374979
787639
1015931
1554381
412405
801664
843426
872778
1841371
1229419
905067
1498905
78459
1332407
1211072
349162
2009183
1200354
724377
1963959
740824
1297661
2044293
916415
1188170
1146212
456588
775844
2068865
1535198
1077876
717347
1094539
954851
1965752
719324
1501705
1641719
1833528
258751
142994
1578681
1768960
1758464
646630
739796
949885
690242
1390922
1543451
2040161
1953256
1855885
1940359
601658
1623323
1776840
1676732
151681
10735
1908137
548875
438311
2057039
1457992
377778
1740741
881736
787899
1772489
698699
1966109
1356345
528579
2025292
1777367
113244
1885407
73395
177335
373762
345327
111463
1547357
1691975
1701073
1602412
793071
463505
1393707
1008074
58862
1615816
1509150
1680300
455862
397921
283816
933285
236996
1131142
1682296
1423673
975542
1829447
321483
1519512
385705
1433870
1819222
1747752
227508
50396
898611
1021002
498768
893885
1831188
1574072
188319
49285
1083603
1432775
148103
726071
822481
446327
1559582
783377
312764
2051046
1899934
1360833
935301
1902196
1953771
1388140
1512133
1587524
802356
1712649
1717843
1518169
676812
1862723
1099729
909161
857476
563821
904641
1280688
1008880
781463
1853450
1988426
1256855
1080714
278339
658221
1615747
862466
392607
1868342
721994
291478
1550112
953816
213736
1000314
1926873
1778805
667002
2023535
1361193
2028101
1434879
117853
1367677
34603
1871317
883894
1066014
1241212
492377
1117090
919745
342017
446752
1212246
1168822
412264
841875
560051
1315187
513822
2052632
1510947
769641
1482060
1075641
80949
1070974
1548511
703205
1497485
1223712
893911
1648769
1864115
870244
1319736
50954
674083
1113565
1935752
371910
1598380
1078717
1934940
387139
37175
497648
31104
713107
1583200
712942
1749443
1263844
443760
1831041
910867
560162
401634
2014776
638414
1687939
995213
468996
554787
932209
1274318
984503
1500227
704451
693406
1980549
1678791
2056402
1725327
2051920
1228269
683267
285192
1472751
1619614
1062914
615853
846926
1573290
1462199
1801313
1068162
615831
976111
1091113
1857120
1821930
1994981
1480159
183830
1950457
459207
916109
303091
127200
664709
1075681
1141009
355611
872514
1166268
1178899
1871356
216773
1118572
1064142
285310
641305
686711
781072
796135
971516
1155206
1716067
1910439
1973925
1778988
1110600
1268558
39496
616260
1664210
203558
2053840
1670527
1953451
1132709
1606628
329673
1722503
375078
1836648
977282
1394725
372116
1807772
1212017
1940690
1112630
416230
1694868
1082876
1337877
1658942
1649870
1003684
835453
731509
491709
365165
130797
1993242
1818995
430928
2042352
169079
577835
1591219
315784
1717706
1784885
330756
1159726
1479399
467119
788957
271258
1177009
348368
720982
652758
1975599
1303425
1402381
376080
444510
940959
1181681
676122
230723
219166
600888
1700892
1339122
572488
2055910
1706297
151794
640441
1435986
79221
1718299
1193897
1480773
1791653
738811
1099072
1449892
1308585
22838
72315
938930
911584
821466
1207010
138401
761648
1694002
1739668
1137818
495754
233744
1196950
48441
360640
1956750
488197
1218406
1466450
1769696
979752
2053108
2018205
766018
667594
2069913
475489
1759405
1524628
518998
1780307
693736
1787668
1943540
1235680
2054368
1697946
1903024
152245
1594141
763165
178639
2047118
286554
258183
1559170
1279713
1426631
1440667
313476
726505
688915
77576
871747
1118125
2000006
1781055
821444
1137969
1457973
1639580
983425
444661
591729
1322423
165416
1627966
1903730
1182163
1970468
1125782
1478641
1506062
365606
1176207
1026778
706440
1327971
572547
1370087
2005170
911712
2029330
825178
1429778
484969
705952
2028522
1738497
355462
1531261
115348
1782123
1704669
341195
804365
1793909
600842
1391854
72119
2062898
829297
599597
401685
494859
411365
1079564
393672
155447
1495333
617098
1077453
1096029
1537593
582942
1823974
1136716
49605
995677
1983447
1084636
83329
1794967
581892
1523759
681532
662008
1165101
753896
1669005
605332
1059717
2012937
345954
1588261
107644
1156589
788508
1563435
501789
478380
897138
1069613
1350118
1261452
1252282
570971
760724
1478570
1853625
1431963
338788
1149630
826469
416966
807979
1681118
1789359
1767866
1746397
1397995
573331
554529
202042
358570
1199888
1802265
519709
611633
1608273
36757
1731067
1125147
705974
641157
938397
554533
1595420
816865
1630249
1264922
911644
1533025
1508747
1184138
416868
1554724
1006583
1275024
1188597
1812553
1325532
40022
1690299
90971
549337
1002041
406880
966431
1441017
693914
305507
676000
1525514
1591906
1243558
709650
1087618
407064
1578425
968199
1682578
118313
140780
1313465
412445
1419491
191541
381668
657787
1417088
1959659
781821
909402
1413288
504084
109617
407460
851019
1491870
55431
882432
131127
588541
1633995
1134424
1416988
353365
980656
1697079
1594079
2000508
1105801
1762941
984608
188232
1550970
1348227
877261
2029725
426916
1126438
1719737
755401
316808
866930
655825
2046199
360740
770997
350036
1548699
481833
1961755
285299
1673381
832835
1466612
1673846
566152
1104899
1896402
1665522
1949484
436139
489598
432912
19818
175321
1736440
102475
648580
1909001
1242684
1011634
351680
1289527
361249
2039056
523642
1038238
852548
857719
63835
715660
337370
395781
2055008
284833
741706
1299083
242403
1586320
1103161
841480
553512
1731935
1244079
424130
248895
311974
1162253
1306987
631729
2043293
946291
350030
1518
755983
1239818
186979
1925933
214013
1987346
256507
1089619
712388
327808
791766
1880158
1229893
1843040
335531
1307659
1017221
1610807
1966208
157862
605125
1904865
1083376
1810762
577262
1056784
1639097
624671
1926273
149970
1070885
1695708
2050887
1404197
1509763
907072
708126
1433185
412102
1278526
1285998
51625
1755503
956044
1194559
1833084
79901
2000147
1432099
28556
539833
199300
858905
1036483
1133717
1619687
1069202
2007930
1565300
213085
208922
1801336
1853217
1560791
1168042
259602
1915465
1922755
1823540
858157
193004
1273904
633676
1213559
88373
490262
646233
672179
464812
935222
98718
918213
1989274
893010
536029
1354861
655134
1971311
235020
1578674
1447252
1338197
1772175
1567760
126478
544891
179144
1816195
649267
808849
1019239
486697
925738
707519
1047395
884388
837882
1010287
1939647
1363138
823552
719548
1788819
550739
90084
192503
1992641
1898692
373002
926527
202506
1753202
1670116
998764
1674420
149997
103824
696416
1828308
1677564
1048552
110811
908253
791183
1482770
704294
401021
1681460
241656
78841
1499492
609196
499248
3141
1628750
1200938
1306331
1784658
707210
1162322
1353221
1711309
268377
1381111
530233
69478
165473
993835
1016020
498717
304972
1483694
1793645
852589
258812
1462135
699996
1738853
1292732
1389786
798082
68858
41509
1124934
1873882
701730
1183635
618914
8847
869336
150955
173521
815655
746490
714347
1369579
1357583
689695
1962101
1964439
1041106
498966
230719
1336288
2014563
341427
1246116
831296
848627
1289930
1049206
1606508
1257785
1550080
1106028
987790
1031656
233967
552230
1547502
799745
404536
1669615
1660018
976319
399222
1006734
1893132
831566
904014
645727
1164526
1451753
1313656
1937746
303179
983068
215412
1139984
849366
1884874
1511266
468191
202584
1303626
917261
1162565
339396
1069200
471654
250054
1511263
898487
1460119
1180282
1028574
1057904
2042289
320719
476353
1391718
1256804
849180
1343516
2064977
1393867
1084364
1404067
1411640
1426282
1460762
635802
105559
985876
1941369
1398195
355140
846686
1472269
789106
1450248
324611
659859
1197327
124716
345623
530478
810887
1565334
708828
1101432
819877
726842
1828964
2037040
1233442
5079
1119601
1354645
876306
765774
231210
136557
633345
608525
764414
431210
350023
1913825
1422968
1153914
1629113
60761
912062
274909
559235
389567
211522
2048919
1487722
37311
412959
1503982
1222474
235734
1280937
1352393
1883821
1553724
431768
1147305
778290
1216848
1191838
910903
1251057
1357281
988927
316019
1595346
1169009
1539172
886314
1926223
659983
135338
1248224
673147
417714
1619001
803932
434218
1267278
237885
322467
206481
406868
1433399
1390522
1630513
1601147
1544070
977006
1529217
1352626
1590492
1690802
241659
1919925
1199008
83873
1359429
1277780
922064
232215
1872598
2045451
1009721
819484
85771
154899
1668738
826174
429669
733885
1279378
1966870
361327
589344
753994
87967
425283
390318
222673
866738
237822
1829460
1145158
1533413
925626
907957
1998735
1364497
2010298
1626230
1290481
1268767
561611
1374597
1965407
1429836
1885126
944031
270881
211798
1301427
137671
1109828
1659414
1750811
1503533
367215
122868
840177
739121
1015743
1873461
281037
221227
975394
374795
1652337
2031195
1620467
1360852
65177
434675
393730
1524300
648478
755380
105803
360041
1579170
949677
471826
1515818
218123
362429
1767250
175464
1298939
1845110
451001
1332966
788687
1776442
1259889
1843385
223417
1204324
491179
24411
211368
1327075
1946324
75803
141447
2052892
825534
1007447
1664218
1965948
1440275
1505279
430128
722130
386315
898672
898649
190713
362218
1812805
1029163
1709188
1914531
1794506
1106496
311200
1779989
26896
148156
1483430
1359801
1459869
1166835
1568665
680721
1368459
529907
590665
1009302
904396
492891
1916262
1498851
1667023
1343488
334671
1467938
1728122
1717962
1699342
746423
1220097
1216936
261377
626297
1890873
2000219
756600
1665737
1624780
1598965
147245
518233
1711460
1899125
1995678
280775
1464609
404440
749815
1996659
1738055
1799685
1026626
1132198
852221
1184066
298499
1093642
276753
1669876
1597811
796911
635427
1565578
708991
1945689
883661
1869577
990371
1228861
155678
526365
827266
1472898
265327
158854
1967853
624365
1926757
486844
2017294
1995954
1473255
1282786
677692
1640149
1938486
1807180
1557795
1623057
1039366
262299
1412989
2035322
838842
1436790
1287273
1644224
1822700
30316
135753
2012537
936332
698337
133723
749237
1468059
1816067
117996
858277
1031169
1386510
1517654
350670
1649040
1125855
357234
662749
1675425
953869
1394810
1841222
2034792
236722
1369533
1302759
1056057
1508252
16983
148550
1184345
203842
380421
1461569
1279757
1448050
1892658
1726991
448339
1261452
231026
1866360
1506787
349504
274762
845985
971453
480400
126308
1097264
1186147
203583
257235
28599
783837
1191252
474556
1773560
514249
873410
811457
314794
560164
1863195
733884
590661
445174
1331405
1324519
1716432
1485205
1732316
763706
285348
66984
97946
957716
307042
328765
196710
720964
506161
870881
708822
1586941
759865
119220
880711
508
826263
1792108
1140263
1230723
1299850
1330612
317623
1546739
1832328
814935
1357797
495596
1822280
1611298
701816
1632085
1027851
1885069
989916
1796508
921608
860766
1255790
2014815
1366342
294864
574702
1236122
201475
1299952
30836
558686
641680
1426220
535911
1268578
432197
980591
1551253
328806
755470
1428296
408260
276701
1703758
1593685
1460877
1164055
496156
1607887
2046361
646581
165977
718305
1220860
1265887
1630488
418688
916900
1149912
744225
563469
931067
1428518
512300
1510206
432113
288995
647702
947283
440572
1650741
1788664
568225
883636
2059652
203785
1726507
741430
210911
1943568
378007
1803370
144932
796058
873563
1616483
1351392
1261180
1739168
1124541
583070
735309
860499
800926
757626
62704
138294
951736
365226
1554264
1862199
1202548
1825706
1775678
849747
1043958
1159394
1396852
158269
1598654
419020
422957
1274447
299867
378823
1713612
528458
1628929
1788061
1665860
1559933
818411
288477
1897876
133855
2220
1954960
2054582
218682
1299516
845683
2009959
871566
1111304
174883
1602357
1034559
506196
11557
360222
546214
1138198
1189314
148963
1222550
67763
861090
1241851
1229889
1434359
1715386
33519
312868
183441
821078
1461898
278704
1266912
2015074
1614780
958632
610051
61720
1564853
1960279
154420
163269
1706400
326192
1241494
348726
1082865
1869316
12168
1634156
339881
47363
1739061
188412
276196
1449604
2047192
1868587
1475986
1179339
677541
1281086
50642
1381918
1771006
1426140
1378710
135478
593572
1452882
1866778
1128498
1985058
1667961
616436
1451161
11188
1303248
1862010
1949508
1960988
1872324
1788462
172000
227865
1496580
959056
112585
776018
1646571
204279
1412706
1470888
1846830
610351
1406535
1519933
877306
339983
2042920
1311664
167587
1306098
427718
1965222
601309
791941
1167671
1263838
1087220
1448170
1501134
241178
762844
992721
66681
151696
586616
1507396
1263024
572063
635120
73226
1998636
1302674
539320
322071
468796
352066
673482
1011199
2010946
1240714
1873294
2041589
228961
1455276
1687123
1533136
1245898
1612673
627719
1119408
1255887
1692283
195145
1487307
1221465
522959
1788480
1144939
844943
722390
107474
1253863
1455121
1678743
859775
548502
2006305
1334089
910277
417184
1293902
905196
577320
107056
775515
1275137
311641
1937400
843320
1090457
274976
1816154
1749288
57929
173448
1209674
1263190
1919008
1242064
942575
739936
1818784
552940
564465
310779
1921589
431655
231939
85341
1617432
68954
290138
1956001
764250
533710
511274
559954
1977216
868305
462639
633096
646752
1043682
1550350
1862436
871313
551110
301507
950235
1353225
627518
679680
251579
456338
107682
1316422
1633354
1369062
274576
696959
1104315
1162557
1065778
942880
1410433
1323323
2045599
928594
1226485
121479
1798999
1243777
1365962
770747
1624201
2053932
1247934
469224
196480
321092
1736016
744652
1468330
489946
826340
1610675
1476233
343774
1867933
539602
1678455
641091
1411809
967105
1059458
586536
1759136
307536
1461056
1554936
1268892
249436
2039599
1937626
1764845
1537904
1071237
1078422
402668
845403
1140046
1388849
1534787
1009962
962976
1976586
635723
1120185
521832
1487196
1876094
1590426
641049
1629604
490192
1572474
1717579
612828
435771
340099
634464
1921716
1487278
199088
1678186
1784824
1265108
335913
803222
381919
1942322
515819
297619
764658
119540
1750553
1069502
16890
840884
1796719
36190
1028395
69391
368636
1138346
1783380
215900
561438
1035352
1129913
369128
346536
1620063
30489
1843166
481635
626748
469684
174612
1701
1533272
530376
1577637
385658
162505
1114230
1288906
2001179
704453
438995
1245133
1150500
571058
781864
85955
1375078
1910980
1766305
2041788
1838861
1538986
1272852
1162700
1847408
2035319
455952
648629
1516974
1656416
1728057
867229
1364128
2038952
1891716
1390940
296258
393073
1999648
1002621
1674448
591921
1999844
1913389
1148169
291947
918383
1355054
110865
2010289
662782
1842402
1895361
1001973
23024
583929
508976
1437699
1111816
634460
1242996
216181
874178
750180
1325945
1493029
319829
152417
70563
1817787
1905961
1921349
1011332
893514
164426
2000811
486315
745754
749281
1465510
523623
1148507
234883
912642
39298
1031302
922912
1906133
129874
1953306
60231
1104345
1224400
1998766
1008031
78198
2004738
885928
89913
894303
679632
1772931
991009
1697963
1960843
480163
1745248
995791
552811
1917907
457567
1222932
1610815
2013037
1796564
931496
1290519
438877
637813
799586
183772
1793348
499026
237435
97615
2014541
121897
264124
709352
919756
861852
1396209
1107788
481238
838195
1581460
1186850
1152745
538949
1556828
1953832
1417469
1277331
2067793
2016036
805600
845774
1295348
969196
1825257
264714
976182
991554
287555
766671
1703718
1644981
399350
593028
1933671
1400434
1510612
791894
844188
459283
967600
1447917
1244655
547652
2031742
416936
715834
2035915
224502
1580838
732964
1564712
1293398
656228
733523
1241236
1470164
360650
820564
84512
1420756
1368238
408392
77250
411907
1955417
670751
695009
197243
1167319
1565281
544871
1155156
492328
417489
1749592
1713345
1380722
774664
1530559
926889
1972110
1636803
743542
1511750
1657687
862973
75849
451275
1821979
656685
1185201
1352136
832709
1493549
437948
1243486
1614956
290494
434921
555141
481886
1024843
159464
2035596
940075
880040
1657073
756512
402562
1331762
2005335
715977
1584708
1173108
1701542
1970702
165948
969572
779996
932470
486695
1484976
50678
1677600
1643088
1940949
739389
932937
18771
694722
501456
1560312
1921068
1243314
60824
675861
204588
1505844
310087
1070617
60295
271589
642626
1448853
747065
1836870
1560316
273539
1550686
1374225
403531
1043845
186562
1070568
1961751
1669654
1633957
1132874
135816
1818090
225345
456262
217339
1842089
897751
1766268
370634
238881
1723426
343078
315667
1031873
1148751
1207487
1153685
385487
5624
1602010
832906
1708399
1168822
987254
1944995
730121
1598867
361924
7691
1090751
1621616
1878218
2044582
1129938
1450691
124003
580115
711178
1476671
1591348
1213597
426129
322296
1709069
832122
265330
1569242
325269
185645
410103
759673
1226488
1783775
2019328
2051830
1791784
1671080
113670
831998
1293680
280551
1479730
124443
1259630
1161015
14610
1798811
2015827
1851705
1715236
410323
1808962
1462878
31133
1492168
1042234
1757004
1562273
1634989
1246517
1072806
1558225
251018
511294
1879713
1373216
631798
1509138
1776293
5080
422836
1579368
619506
1554934
1250201
399202
1921377
667001
2066709
842992
1402140
922832
959406
836648
805515
1873974
580411
814736
1157723
854866
1773709
729478
1518103
1867793
279419
2044192
1763217
1590381
1466756
1905676
1784791
1346101
97152
78447
879243
1606390
1913925
1592194
740643
1258891
1009974
1319144
1811709
629368
114888
1663403
664646
426772
743397
482069
1057769
422441
693818
1503061
931344
748798
1007763
1348282
624176
723523
1122594
1028296
1766086
1114228
1050694
1140949
2066081
1833030
1337705
1885438
58804
403824
931210
354540
575338
1938029
1100501
791921
328211
758213
1556148
541667
1151779
429837
1585503
633468
595715
1692219
1469085
663419
2045451
1864225
1008935
173744
1541552
1298966
397901
1752537
1023213
1604963
817065
1854654
1744102
774098
396241
850773
2888
1152915
602099
145639
521491
1723013
608593
705124
1198636
2032949
1452283
1522146
1799889
235513
71587
1715369
262810
1782803
981322
246133
1411330
925132
1616178
863727
958643
7309
1602415
989069
1964084
413120
1446916
270873
1708729
1084865
404951
1517688
837722
629094
1566294
263255
2020950
1892198
348991
1259725
1052447
1955654
1312090
1581155
985973
398840
970713
1753284
11748
502476
803472
1811652
163607
225416
1128274
1325307
1933046
1288249
536059
26132
120945
649027
1544201
1040498
776229
480666
1956746
1406084
1010713
1884554
898318
1958781
2013204
409120
943098
1158421
1429765
817890
1589378
947051
282346
1486255
396114
1870849
1972786
1834086
565330
966601
563230
1317382
734410
83275
1203117
1533703
159146
1207685
350212
1672399
1376828
396975
1586826
876047
1349413
952545
538290
1382980
1446558
247213
2068064
193416
725648
431212
1835783
533286
253859
1041373
983900
507511
699990
519525
960704
380986
1736388
1595907
1386396
537412
1922560
1195187
1436670
1671347
691059
109312
530596
1922500
1829666
412999
1760804
999329
1849894
1273522
1309705
108928
1333555
2058319
1573106
1106904
1516522
131901
1384850
1116205
1812077
727809
1758825
620179
36153
1782486
1122690
1581454
1743922
2032527
549841
2064070
1611133
631492
2070049
1835993
673056
1683284
1567687
754669
739622
374906
967783
473173
1203882
1178234
1298675
1188328
160371
833717
1347514
1737236
261339
545430
110565
915681
1432306
568079
1052494
1357955
1588847
898867
1836640
819554
453919
976481
740498
1281698
176785
963014
340486
1423570
703196
1765229
335011
1837772
1636098
1735796
731313
2008562
986925
1587209
1184318
388633
1989382
1400316
1324573
1654813
1148576
1609626
1155458
1738650
1357326
1592468
1994542
189677
1174769
1708764
1580643
2058079
2009745
1676456
184897
419920
457549
1681452
415031
1623552
403003
29803
1931597
1764748
1237919
1859355
874597
79521
863628
889465
1243558
643841
497593
1644225
2068571
653868
1123641
1343198
1624302
174319
966258
1300824
1099905
278142
1334162
541120
463639
1842094
112179
276676
260118
384607
1343783
568232
238154
1488368
1818375
629639
241787
551457
504278
1625070
1411664
798531
1726685
1801166
1633279
279815
1074288
1800517
1135342
696975
896877
1256495
1944228
1992206
1159486
1733274
340268
1398786
409429
684782
1751887
1109751
742328
212011
78764
751394
1882143
1774937
631692
1356833
1064412
1379364
1937462
349662
2043467
225350
2030634
582278
218603
1812979
482013
66454
607926
1851565
277493
2010202
1188218
111291
1086299
1427997
1644680
561294
351465
613348
1830128
1890286
388357
330176
1714911
1947470
2036099
520011
1147838
1873794
1113215
1743503
161316
754731
181271
1723664
1796054
1627626
1912183
42703
1746510
2017236
1825606
966449
1223316
1250074
1850814
917594
832687
499789
598049
1455838
1006577
2069813
1895659
1379996
487050
1122325
1480221
304903
118265
913936
474821
540158
1058650
483947
116351
1625333
644115
1756058
969639
1684474
1788394
303677
1079158
764749
849848
772168
947032
1225188
1017318
1391144
434601
698757
1906307
1344833
1928677
960448
582097
1923220
522002
281243
305067
1689050
735488
1945829
534169
757431
913900
1319855
749526
51813
1946888
1660044
1910415
1331885
1046765
182019
568139
421109
47062
1659603
432253
819562
824396
262250
628833
683648
1483123
414368
1214433
205095
978272
780193
1219622
1306910
1199497
1671973
355793
1989277
1895904
1310274
224500
578734
1555897
996069
423158
458416
1802318
945632
1135324
324489
1561046
1355086
327453
1494373
1286053
1005646
1148983
1127944
1044152
1925201
474024
970512
1979538
1067052
565313
954812
2007461
1334480
275196
1928777
17709
1787939
1422888
1916081
219437
2048094
712877
88690
1227810
1843691
935777
1517248
87030
1931218
78719
1202185
383033
1645798
1283650
1756820
1797713
179202
390766
2066614
290881
305731
582308
654002
1917949
191619
1543023
430475
1284937
477949
2033173
37845
45505
733138
1589460
1651201
659182
245183
139146
760082
480298
1803550
1354603
579271
642752
1329562
2058154
866560
1123734
578631
521162
1876831
253501
1899838
790694
692288
458605
1113352
860536
537125
1360367
79663
1330713
1992988
1962929
291448
1147316
1994759
815539
149821
2048022
2070482
1629243
676639
1378661
1750391
93096
566807
1066638
195769
753842
681080
1850862
525001
841659
619591
1593946
1065581
2062731
1740883
166437
1212554
1904144
136423
1136369
1176310
963066
2050887
1189144
219749
613149
110315
1587544
1772962
701829
966948
19965
1032726
1024900
1862684
491195
328566
2034361
487199
717188
1822785
342242
1402352
1272857
120202
91509
1984922
792114
1660153
1128706
445150
641853
944778
1315681
1527041
1382951
960830
506342
856733
626292
951124
1712667
297197
1834453
1414709
1255438
1487360
1986570
286740
53321
1104561
994100
574972
1833979
1773439
1403276
1469452
2069964
1043578
1594719
1240870
452878
1966067
1983940
1512776
1311765
1756609
1452709
597923
577930
669871
117170
785697
1971665
1184067
1732814
724460
1811935
1109876
336942
315488
1219647
670310
1787019
173350
1033068
1583299
1841775
1581076
795267
591027
1013299
37091
1110807
43594
152379
1195695
362925
1981186
1587304
1481393
1181746
1972588
1998486
886259
1103105
1074332
351020
257161
1421035
376217
1448721
1031316
506126
1362695
1207858
1702646
1382596
1236408
961864
1315772
109733
76133
836313
1727164
1918077
1137613
49225
949048
1505252
1435760
1791112
892208
450553
1528140
1795110
928997
1251392
757063
987640
450223
353003
1427337
1712373
459596
118218
401201
1553411
15429
128619
271962
1921569
1870864
507268
1620110
1107779
1015593
223212
596860
1262604
1612226
1909855
46685
1148787
1096830
1641406
1688644
493266
1730210
1734818
1591615
605704
454715
206332
840032
1320371
319389
977369
1390196
117033
201373
242035
2002416
1525809
1926380
1945305
1995866
575431
584698
594270
1750436
1457221
1026838
1714899
1137109
734632
763848
1857496
554584
190805
800225
1181057
541850
1870317
2001486
289324
1142117
213074
1365052
1177404
781219
1698943
285884
430781
1885605
435210
410966
1892976
1063894
811366
997562
1798957
881535
1457612
1290799
405069
1422062
804526
479318
890110
1247191
30759
859127
783454
1532913
1274100
1399148
873160
1984051
604335
2031040
2051529
720248
1869367
147812
14506
1634746
709415
203909
209673
1345476
1667271
1421112
416343
1149080
606470
1018885
1682460
1168483
627585
1118417
70240
777387
591378
805599
789390
1877942
1128092
1449218
166172
942814
959055
1300328
1809539
860767
1100455
168380
1391263
1845705
647606
521610
1749957
318302
482339
845141
818649
1243240
329464
1361119
453378
1954694
1820044
940001
78908
62908
10348
1834537
102605
2060191
519025
1298515
1571711
1456309
1246848
253294
535358
1184534
1317460
1870763
1249549
1294170
932281
1043709
386474
1223018
18615
301480
874789
1300216
1104223
808360
1261919
1695696
1397715
932673
234877
1446993
336097
1127583
360026
1055129
1850815
132268
1136224
1682579
1117298
1215673
1036879
1873371
2067937
2012563
762690
827455
864530
1819935
1824733
405998
1958018
189492
1653867
1407926
1916998
149227
1577606
1296999
670253
851266
305337
1094498
466742
457127
1710417
1791504
184946
447492
276183
1007612
809012
1069939
378257
476251
1019358
292051
496829
61035
1056381
1501281
913550
990241
1483940
2068914
1723697
111951
261684
18959
901293
685927
48409
155052
1266573
2013823
1074623
353925
46800
902787
187697
323749
1194943
1675722
1841164
558224
435987
710299
748610
1421372
1458299
1357732
895727
36199
455975
1178307
291119
491061
953501
1074093
606246
1159086
1174292
886651
585847
738925
707453
599669
1159302
437789
172693
1042546
1455934
934917
1567531
409465
1968195
1823207
1880220
788762
1474184
2032296
927330
1665890
553907
1712290
371121
499414
141081
1212086
1193239
1291597
692902
277931
1827848
977017
1275957
836145
1498561
1101547
578286
834261
129255
439049
90533
1061364
408892
472574
541946
639895
1340517
1933659
1445220
231859
2030427
1100756
2059041
95760
1099021
87354
1500485
1904989
853052
269760
779414
807362
333326
1034010
509073
1448629
1098619
476914
426104
1557684
1503176
411192
1380909
509101
1854113
810176
498813
6306
1705882
1185709
1509498
266439
182953
1696513
1820074
55838
743624
382175
162880
1254537
1673256
40067
1914271
602645
1172504
183059
611023
1579593
286132
1375760
859168
1826471
946385
799328
1720189
510361
1949350
1817862
1275205
1259553
686094
402340
1673149
539947
1867491
440306
1850360
556694
809397
708705
983096
192110
1596792
951346
995892
1520291
1363567
1096970
887240
1516119
1260240
1141639
900374
475549
605775
1965298
1596597
1092865
1019228
109667
2047106
2064667
996377
1926899
1115820
2066392
1411913
1318363
1716038
1282303
625035
1886613
912348
728357
1393728
1024004
995792
1329395
297791
300898
1484244
1613320
1831692
479686
1712025
70694
1398583
658565
1039901
756181
1285895
20142
354770
389695
1892288
141539
1773808
1250339
1104531
1234347
1924660
235153
1871169
164541
1572413
246144
1530136
647549
1690229
1440111
1426902
1396899
833539
1444929
642864
1033802
602438
312306
1737009
1597286
1129024
1767509
157775
1456781
1584728
876231
39761
1991686
1191836
133547
1337524
1487855
568226
1342209
1529553
283508
163069
1746024
1931224
1002017
1017353
428062
2051671
108797
1158517
113562
541642
1082757
1041715
2052875
409546
1536515
1445682
1267597
432445
1054582
983162
1848463
616082
139536
1710739
749186
2031957
496172
296281
1602639
1421289
139206
85722
47156
633663
546098
2022987
1456224
1605397
1007132
1078980
1265390
1909452
796732
337251
1006579
1618714
244336
1673683
2060634
297341
1866904
1563141
2027344
1381337
2064478
698257
1146585
1422989
195955
682230
938745
733186
142791
1553823
1406044
386491
174689
665781
1882020
242170
1298123
665171
916347
1170991
1973607
2009811
1228330
595788
1475183
251321
1252063
731037
1394721
789365
1351966
326189
128444
1520237
214392
1157644
1054767
1343580
1002674
987808
1102483
699076
502940
264305
807366
581300
1046893
893107
1889945
1231607
495495
357857
2008803
1839593
1050330
783066
1712950
699602
625293
673713
686935
1045091
1001330
699320
1941603
1455890
1277166
424413
1966505
956256
503163
1688646
1371130
547779
1526040
897732
1456074
822117
1972689
371795
337521
233224
1997512
903399
526538
1021005
65482
1710239
330808
213609
158238
1678838
537009
957438
1221080
980203
1488009
384741
44534
332645
1739015
1072224
537889
1744514
855313
1633322
58027
1794505
683600
1375948
813952
1067215
206082
1106220
431109
234576
1130595
1456368
316379
36515
1477864
613455
481751
986386
1865011
13789
200189
144342
107275
360715
1336326
1353688
83163
1295321
1760135
953793
1657406
1655174
1510170
1128159
1736916
1466266
938805
1662092
1022912
867056
843471
1304492
114646
22884
1632325
210609
1196083
601621
1676624
1569093
772890
202886
1237946
1227963
499129
668382
1040403
1774791
936427
1305767
677241
547481
1079339
69657
1381654
1673097
837726
353474
509463
393313
2001687
1082184
956541
716119
1315120
191515
219408
666352
2015271
624809
1825448
63236
736422
868570
1721960
1903644
1383820
1939893
1724541
290321
405422
187097
661714
2059834
29080
351231
784766
389928
951643
453454
639191
153093
1397982
597062
633079
1223705
754166
2058517
1502586
1792876
1179129
900824
1500099
1666879
1261517
1485714
74410
1565957
2008239
1248195
1097732
35133
456979
248342
529915
1782969
184480
1955981
787676
575927
1679939
1969519
873634
787732
746315
281459
877836
1484204
277171
84059
1335841
1406710
523417
381111
446416
438527
1145173
1169037
116395
1799792
1279370
683033
1859750
1437887
1460152
972779
1912095
487702
833189
1416355
262754
941877
1565312
28694
1252225
1943719
105504
676418
1992113
1955115
1658410
723169
2003528
1484124
1480998
1958054
1013899
1420695
1022564
585802
522636
1448101
759123
561334
784948
1358736
1881041
1679672
271076
1279650
1073222
1496642
1932381
1794432
1398040
1308876
1549222
1090942
1404004
1808773
917072
1365518
391337
1281303
1161989
1211265
2011366
1036028
1783761
678103
901263
1671064
546432
1536020
1468510
1578488
1473842
600633
1336033
275623
1876775
659035
529477
545838
749083
1655349
1717483
1692817
885579
982303
1019489
50831
667087
1965529
1863072
995593
257125
1504679
1988571
171648
590096
1532445
1496570
1628932
1185559
416795
1804372
1847037
997827
1443878
1393356
1914070
272954
618834
1474302
1764812
751603
1380655
983532
1057387
1184804
1570630
1180580
99232
1844970
163733
1897570
1077798
1273953
2036555
1982493
1553846
604491
930480
520430
632935
132466
1767847
49587
1213601
823360
1831749
139027
870584
866510
209844
401539
774162
675947
1412657
2068190
950367
1688879
417131
572054
1708499
14794
2052023
2039460
9633
1221051
74996
728529
779588
1880388
1772533
186195
1815142
1200076
1449005
1865518
1693267
98246
860768
680732
1771068
1153501
530932
779325
1914500
322937
278613
998580
385716
1942435
457701
829648
894036
421356
1156073
336909
136791
60144
411054
391468
968750
890032
726213
1399714
1931433
1626132
200759
1276785
860216
1139319
1547691
1333613
886972
1674269
1605648
180624
533068
622418
196134
1622234
1352911
968131
872841
117029
670357
292603
1188626
378011
1280046
666583
369758
1855444
349375
1479022
698023
1186023
1774316
506035
259666
1811199
569440
1639016
1409255
1550417
1635279
1139219
23662
137987
384154
238612
1525063
217752
1749226
876111
849805
257734
1589149
724718
661815
948682
43331
591497
781555
1565135
1545941
1547034
491443
338579
1902498
1548389
172078
1280669
1825741
914920
158873
253441
190690
183293
1259615
1905849
9377
1274746
1689420
891080
2027915
1379698
303240
424411
1539975
941440
1381187
1066274
1571566
1836072
1972032
2044147
1154952
1623860
1778827
1933711
1929985
697308
1174147
1414886
1247657
1110301
1481852
753484
1572982
175190
115276
105649
1973700
46248
469107
691729
1195625
815661
880457
1795617
808397
1991198
310972
876097
1232903
1440032
1297748
1272812
429601
1865138
1271836
1533044
2016962
15780
1259443
48744
508934
360332
532425
360510
1917262
485959
426903
2040817
636130
973406
2004447
1632294
1366172
1338181
977207
431056
1373794
1410503
1892127
1113293
1488683
1407349
1989424
1288476
1633143
2064956
1908154
1884316
953721
1085462
827606
1452529
927393
1965553
778673
948184
241190
1678974
117372
727493
1645672
965824
570459
1580129
1440668
1135478
493392
750781
1608065
1484532
1970329
1102700
409848
201532
363401
1370987
1612848
901190
1876100
1914505
1786731
1162274
217313
540793
330322
1504879
351741
1479706
648704
149336
618931
1564535
1403928
789942
1768423
910133
1703640
707402
1944937
1638627
350940
400129
1853060
728203
1218387
1927553
915722
1210917
118510
568277
1427265
1301801
482446
109488
1205852
797537
1841367
1174843
1220035
1515496
1813475
1474365
935417
1689355
1874564
269077
973123
1351240
1378435
1191924
428334
1133856
1492503
1131350
1232869
887731
982007
1944945
1236196
967713
281088
889792
783490
114392
1810912
63181
1083666
620898
106927
825828
1802952
80865
1581263
1570726
676437
1300087
1549340
1978957
1837781
137028
1332842
1175044
1862119
335692
188534
1402914
1954832
1713707
1134846
1424669
2005647
278254
1925411
1280096
454344
565947
1278960
317004
1990931
1944733
1759539
484654
1641780
696730
306284
932107
1730209
947418
436091
176805
195029
1856869
971863
1112856
41385
828537
1287896
1825789
1027111
1113470
1168585
1886850
670924
604522
1353870
557888
209256
1683931
163870
72335
1001257
1945318
1719269
770005
1566224
1382041
405448
337394
1075459
2053379
274767
760742
931894
1842015
840819
491640
375485
464119
1929033
91537
377073
510934
245508
137346
224816
658059
1906415
959234
985425
644278
1359722
887985
1051834
4751
835307
534271
1983504
677694
799698
1385896
1958091
1491587
1275932
453345
1033590
2022952
744430
1383296
943500
1661032
89596
111575
339592
1178693
1723873
422456
205024
626117
195425
1270014
1043892
1451528
994332
1089109
299779
1182111
1656773
1908172
1064127
698756
62079
1518631
328311
661358
114102
791513
511701
631182
996657
327320
1672185
1472948
776463
532866
1410889
863065
1036711
1548932
1410068
809429
1822555
1327272
2040683
317063
509962
1876709
686685
490178
1961314
1913132
39058
1319426
1510774
1383999
172262
1320551
1259969
805487
1287680
1381510
982171
175333
1555267
1666132
869803
1012739
1406333
924693
247831
156540
78515
1474449
1330450
1243869
914862
277197
396139
225211
763436
91003
1856322
1207748
1836747
1983753
1507004
908731
1420775
199211
134521
81636
1439573
591476
124055
228774
353718
762154
41804
1339337
842507
1493882
1369858
433793
199483
1439733
2009495
1447613
365956
332761
1987150
1075459
1688172
860640
991745
1505781
1558889
166170
57696
1653505
506042
138621
1940125
116724
962961
1226120
966677
219060
845594
935913
48079
1480481
1996976
1704424
1683902
1917353
13170
1352021
661967
672897
1749341
1036057
397096
281722
1766540
1835270
1814236
1061044
876286
1290773
102117
1647282
453485
1491390
1218886
1237813
1905871
1479994
282451
1970821
290578
831271
1914164
71547
1480187
1271242
1976625
702770
1170659
1241118
1589109
1102782
773642
574698
379115
48479
862447
1559323
904020
112264
273459
662325
1038400
1876104
17992
1420065
1112778
1547278
794723
1837368
1119581
1750541
1453934
212588
39919
1100191
577381
1403734
558871
650706
2018972
471209
146174
426967
897474
784284
1038865
1036116
1112255
1956939
1592471
742427
981079
1666631
632560
116618
634028
1376773
1718330
1312716
1874005
700684
1335281
452785
27657
293640
1284540
1329933
850980
1502628
1831467
599208
680795
1143798
250719
1859376
1588623
1243868
1893681
126999
297110
1408898
1333561
1972775
197262
810581
1405935
498220
557858
494260
318738
1778196
352188
601161
1367816
1953725
1406532
225083
1874693
682732
2004098
1061473
2007277
114352
639952
70127
1107291
1439226
1394446
1962573
681740
2034560
424419
1136609
467721
1337855
138422
1012859
353430
1168052
1164424
1117434
780416
1246466
318701
1863529
195010
282295
258217
848076
1496416
1822768
1776737
985535
618536
43752
1339659
551398
871705
1949603
1111557
1659675
1845920
1570514
122656
532176
1141004
170860
1849495
1936161
126576
91308
767593
1125450
1847270
718212
1979172
489971
100070
630043
1874686
1165043
303704
1278999
1389797
702930
1051444
1339421
1798027
74052
1686001
85844
1788693
1045338
389812
377187
822852
999574
442705
2006313
928205
896749
1468011
1220583
1211834
68614
1314783
1989623
1349627
690207
1545108
1997608
770425
552829
1810778
1035986
772861
1356462
1689834
1353717
775929
1220360
177165
132489
1254047
188368
1306287
2005205
1937644
124908
829354
1893484
1375033
747273
348447
1077574
1553831
167445
604579
1638296
506433
1124246
1709908
4189
578740
1813903
1291900
1447449
1717722
2002757
1698830
1092992
1251196
78776
1178344
934365
1370052
481080
1808510
1587804
503486
1186327
657854
727469
660390
937810
968497
630468
1232785
940821
1030470
250277
67454
352333
392927
1440093
779927
643565
725043
1261188
550529
127490
1311867
130826
188471
393478
1288764
1429807
1297627
1143404
1589637
445387
887205
1983636
512199
835778
1046385
40966
1934065
2052908
55114
1391199
1029295
1994491
664011
144933
424492
733195
806758
401626
1148452
829801
96906
2001442
1909590
1146352
1495676
1566548
1086868
1355096
760414
1218545
1667429
845473
676588
205277
1362666
1853617
1407317
1437812
1526492
1007084
455240
1318963
2017250
408067
1017348
447934
776397
1634348
604551
1222809
1010130
225130
1300322
1703724
835703
865963
802312
562927
1965373
745154
1543112
544920
1594066
1284167
298166
170966
651900
565051
191690
467314
1921571
1424976
1342536
2041102
1217096
1010434
1528411
780696
402100
1957181
1607973
1613009
1611785
440244
1601218
329538
752438
1470893
456291
1315650
95430
1469850
334254
1448194
182357
544391
1110687
426422
189266
1572722
49666
1987707
1939044
1914243
469149
18238
865283
569493
1110177
133302
332435
1589347
480362
147151
2058488
812414
43160
782131
1564519
2033779
1663338
701305
1344105
269941
333413
1741454
1928034
2013527
1027816
1058298
309333
1901977
544119
123714
826009
814441
123253
481033
553532
773704
1246895
923523
491051
427259
721681
742570
288129
541057
769889
851832
1464567
945753
1828572
19875
1176229
176972
779431
1579425
328164
1591073
1293212
301536
1050899
1675031
210132
971739
322251
1556740
764382
1567358
1774062
1016378
1737810
1036531
1409972
531543
1128698
88804
1695860
819017
866687
575252
1528300
1798524
521632
1477402
143905
1729245
652384
67602
818125
1793877
1222741
909797
293915
1462084
1777139
495334
1452542
129423
1085720
1339361
1981144
152186
700730
176233
2042114
915762
1837955
694031
773181
1022926
1167287
1221020
311568
182351
592539
1632649
1065589
1471721
174564
598374
652400
243486
1631844
630744
1304577
37736
340073
1376556
114498
578121
798379
1482179
928762
736987
796836
589110
804626
273333
1322962
1665770
1617105
408811
168768
896657
1867416
824900
1834605
1885356
853890
1821871
74721
929171
1934203
1858166
1755818
1922150
779536
863044
1693410
558267
948216
612042
492093
1489952
118519
1561556
625516
1534305
1761549
1151380
541474
1127602
1272420
491510
1212856
1045043
1070361
1013420
1789948
1013946
1110922
567174
150322
1969780
980726
72051
1521931
1088196
1310280
1068308
1201035
1949987
1549250
1004235
959682
314908
1366257
643442
541164
224484
1511777
2044888
1274273
780319
1507448
1863422
759388
926667
541448
473134
412047
2066804
1243663
666066
533767
525189
65923
1987588
1288639
929605
12121
1334073
370979
76157
1653484
1798667
282397
1781673
1000976
333341
800622
2039581
35938
83294
979798
1098735
125832
1367026
1738661
790285
600706
1050556
1670991
736580
432232
605812
1175385
85946
1031870
126878
1902156
1003034
1179214
1195676
174694
341107
1977340
1425405
461737
1534698
1698926
1618432
30670
1436639
1357391
1612234
1417512
1163941
1207527
217233
815530
1794734
486843
569908
1601928
245959
416701
927161
573432
125076
1521442
1231989
1385683
1226934
900180
488010
651954
343968
298227
1383087
167302
2066222
5183
626737
324683
142368
200516
1813873
1636819
2000986
806160
65649
1200392
874890
1088484
249676
627233
1652312
1987551
432883
1349395
79535
1849053
839872
1548036
290609
468409
117759
138282
1970090
776035
1139163
294130
113090
363731
2017868
1498091
306387
159085
1321779
1958612
1228197
431311
1695202
69552
353185
1968384
930006
329226
1475374
282810
1646043
29405
1343934
1781964
1474525
1605316
1374286
977951
199961
951057
1723369
850191
2000416
435064
488161
176468
696592
695795
1827384
1814835
480485
1748286
665729
1719656
116409
1090695
178682
540219
2066543
509738
1333595
672355
1719158
1214527
488245
1275442
1732253
6752
873055
857622
620349
1946981
1589449
1767487
462435
1330280
2003485
1152588
904811
157264
440091
711248
1700682
1761148
1641294
471356
1986040
1587054
714468
1543917
1597331
680097
1109970
2004035
2006062
1903425
1712638
1939934
1683407
772934
1140700
1369004
1470632
1642180
1014056
186148
756339
281690
1112780
1075834
1076306
1490927
1856805
1974245
952624
1815231
1033809
626652
1702871
391759
451498
944328
658467
2041864
2049315
122814
1923825
1925383
1036350
1899216
1096759
2061530
2066882
1107770
39387
1535524
1325748
2010153
272270
776639
1197462
2032980
105976
554127
1966504
1188122
1714819
1942052
1416921
1441448
1550497
194705
1632920
1672751
211980
577248
629357
231289
196437
1065304
1086815
1848446
331101
1874032
1041440
105285
699331
12268
1527626
1508477
856409
1887113
451690
1969765
1942759
1406463
2048995
1040023
869866
1317876
267864
288638
760962
1902560
2049156
444909
2047971
1129604
1033681
723520
659601
1852062
940165
834192
1186117
1059358
243375
1708368
707066
41437
1354917
128838
264546
1107349
12122
1698184
1083197
1127802
1707057
909485
1637456
242549
691207
22332
1234402
1591858
951027
1379018
897331
1538709
791183
1466911
1044129
1786137
739290
1290883
902104
544838
596753
178140
540397
74916
1511185
1916063
1643711
1877859
110964
1975048
1038296
1077901
453541
1734066
1532218
1076931
1013045
43444
1547457
1453218
1643363
891362
896277
1799728
402739
1037990
1749323
103914
730127
1308709
1025621
1569568
935275
1631562
523210
1621817
1812894
1539919
1215507
1329313
451383
1460417
557502
921644
2056911
562283
378174
900376
1916855
388431
174682
469559
1459151
1826436
1769411
1867405
1750348
1137810
1474378
1526570
1128376
946343
650875
2025667
1854633
490206
1386720
195844
774156
1379958
920697
1374075
1407487
709777
300621
1655877
1519216
212008
929205
250094
601100
1158059
1366824
1708734
292924
121263
1098328
687760
1207725
655989
1003145
975705
86471
1744876
1579151
949931
2046780
157059
1178521
1619885
1186955
1885390
12437
1785060
1842441
1686140
1219704
1677047
1145672
817499
362014
1670742
1869519
293954
956783
140752
2025920
288446
1466163
1288157
1280646
624825
1908981
1289486
1950784
365695
283478
1878925
1053755
1400610
1502505
1519742
499039
894249
479926
1674192
473651
1908273
609507
1632127
1222727
749320
1902062
347794
1551920
1220582
372451
741483
1186957
479558
2016564
1169937
1669830
281796
1751989
56928
1229338
382041
346664
1696997
786330
621899
332859
1720307
1707675
1396337
190571
513899
1833617
1353811
1791821
657450
484164
1227784
1626745
774947
951747
1289138
802620
196440
712163
754399
311165
1502770
1767691
533666
135713
1969892
1310858
1306821
401052
833423
445785
232155
1255480
1656533
1974014
1907542
2011990
1158561
607266
522413
445011
1353502
277763
407108
1719597
1096689
819475
1596305
1415055
820223
2038641
1040880
656292
669772
1183279
383043
1789660
257207
358810
1380194
1694820
450467
1708870
797010
458339
1319036
1996949
1888888
976632
387656
1689769
1673755
1378503
1357444
1279842
824630
1558326
1347251
1913784
1970586
380051
1993858
1867815
294954
1766512
1544375
828161
1941833
475928
1966228
966096
1632437
1624905
196127
1189412
1830052
245208
1555894
1211095
587897
280156
169303
1347471
823967
1883637
1538336
498718
900768
834772
1889705
1738621
1703068
255277
536295
1068696
1901665
1398301
1776264
1656543
1571016
1538897
1087129
213358
1041398
576384
525420
1538081
179093
1528485
949773
1316568
426042
641701
1808538
281513
303906
641684
1014171
1369668
1546074
807301
155709
915381
1001588
556245
532670
250092
1789713
292570
1379516
1657434
114136
1337846
1301867
290983
1020460
18754
1289485
1934996
1965371
618977
1790075
1079001
1262372
803547
2022498
512748
1011369
1402792
1032815
301589
2017107
1502005
1851920
1812906
397992
1804987
611752
1431485
1150373
1219405
1391917
1051116
1629030
1368067
1491501
142956
587400
102274
883682
615462
624232
873617
1453954
701090
670346
467102
860607
1221618
1824493
325492
738664
1221339
210113
476152
1961634
2061367
973187
197426
664477
630450
1137851
677189
1880902
810121
701633
1477618
1443862
1610229
306185
1676755
859712
512846
879185
1375403
1711659
69288
494291
237373
876130
834961
1273844
1839554
179058
711095
1325321
1783064
698150
1709881
1755574
793156
925526
1658442
495594
289669
975233
160677
1034866
664640
841687
1133727
1635409
1565744
1931124
1805177
5815
1081827
1073292
1562436
512425
272526
1838500
1907525
80901
612921
572563
543124
784158
758875
1806235
1452063
34433
161612
1428420
1688874
784643
696806
832947
1922129
1795643
917676
122384
1005023
1464947
535481
1238340
1871192
667663
1339533
1955561
1011668
1131562
1495441
955078
1290592
993800
562572
470880
21579
808263
246660
975964
407367
556181
6644
1960876
235250
999515
1841751
1025913
2016101
1773189
1438668
1508296
858703
1713580
1683974
723213
1242769
1133064
749900
853548
849103
226257
300812
10957
2035719
688329
885317
1619733
939670
1935662
681696
1100709
1506218
1687158
1390469
53055
800159
1065566
1855999
411792
651445
2068735
1391061
653469
646346
1276308
1977811
494686
1247137
1465166
1751545
833851
545534
1069205
1891825
345981
1100095
1704707
1687811
86883
1018736
223164
1822521
1985426
1448400
1706048
1775116
1403807
1865137
1115257
1025473
349191
320592
636180
1611183
495869
919316
1012652
672620
2052621
452900
215329
1555723
1054316
1803428
1166140
893858
1994996
540577
210390
1253408
1829159
115327
2060543
1325714
539412
546753
420140
51015
917965
108397
787602
1713398
1440520
1326061
228044
1968479
608709
2066287
1650610
1668184
631192
1907235
1259998
721069
945317
536942
1758744
985668
1196965
2016563
1541552
443210
475303
1589619
177080
804695
1345161
476846
914296
393883
1581009
152624
411458
1531110
1821460
652319
1002655
211671
62821
1055310
962
1524739
2028911
1851812
232797
1313002
1469575
1986623
500082
592358
1766263
1962910
1183896
1268660
411420
1744799
2055616
1175542
565411
2025889
511457
1901885
1612292
844070
1528858
1725312
1945586
1929784
778267
453963
1236101
1666570
1024121
1978389
541577
989679
1910831
1194796
1640024
587694
1134290
1372809
451091
1645128
355269
1875428
537944
2060657
806051
1004034
1632557
2050996
352785
1518338
1968736
8463
1407362
395439
1659069
525085
1015857
1732851
1152060
1439154
1461118
791135
1968301
1273686
694873
194730
1563634
1117774
1311640
2057246
921979
344460
1921701
586565
1209288
1106145
89296
209226
484523
1246716
1060950
1690069
516899
1123124
862665
1525500
421038
1562847
969623
2007659
1306314
627549
264052
1493552
1748268
661646
1911767
1173702
372966
1423547
76825
1600843
1362578
1535800
531032
1522971
1916795
430168
671110
594206
487381
106426
1536260
960640
206524
555668
1711958
1783036
123364
381089
1859680
219349
1571460
1507701
1364090
1429784
479523
347501
1695628
555298
1730539
8626
1127771
1331742
198702
1677921
1953744
1177621
165244
679669
1899370
1802414
748436
765715
397969
1647460
816343
374432
1800886
1812403
112068
487878
1553081
1228578
822586
85579
853461
1650187
1030121
1841838
1351816
1032539
1485334
1735933
1954654
211384
880540
1942634
385879
2001875
140855
784579
1249235
1960436
1809039
1058565
1384612
1676008
1721041
1281419
1311375
627057
1378114
479735
534396
1519657
397441
1004534
1345513
854267
1918297
710950
1689946
1712146
84252
709773
1263062
1806055
986890
1332211
717648
1304601
761168
1380728
132733
1787141
816168
1709032
374598
261450
1863646
1523947
566206
1202623
521538
310761
343710
1175054
1940578
281895
799124
1889372
20108
757849
2003536
1621753
2030059
1177256
894123
1598923
149767
705121
1170047
1428935
591778
1353322
600310
466114
288742
2057395
470114
1824933
1945604
1724530
1542699
373205
403130
1514480
217627
532876
750018
1478202
1968055
2064238
1158974
1973792
1044835
1152390
794078
1965631
796943
1240326
846056
2208
1875271
1071005
1570183
1155244
1678735
2050419
1746113
1319113
890916
1496914
299235
171430
1980814
410110
849009
1576966
563262
1672146
1082305
592695
726665
1067032
689121
579515
2067247
1701780
586211
1430371
780563
679137
2026933
756517
398648
1137784
617641
1384150
802235
1603354
1122080
823047
1455898
361689
427764
1234771
1771240
737951
1701883
585929
1683597
476101
754460
23408
701785
403609
1547158
1187608
1367861
1608727
2033294
1389521
1176955
1449998
1101226
1504128
884187
1784768
238137
1084725
1599748
1333747
1223732
1002567
1356729
377540
1791173
1326635
1432325
2035066
222697
2005667
1057945
1312575
1279325
37735
191274
352158
684658
1886064
684502
733032
2062981
1502860
1465256
1108985
1330863
1606572
1118888
302087
1362045
1775729
1211572
1949263
199971
650478
1777146
1378056
596805
391000
766113
1365795
161099
821262
730129
414446
689235
1645639
76791
853066
1107668
1413718
1549489
678529
1705264
726777
2046332
1441824
1379703
1958340
1419599
229929
1725365
1304038
548761
1306691
1202998
1925343
1764025
1581205
1451925
447300
1625540
1494654
699716
593743
1866067
1166779
303273
231863
1036872
1191606
288917
2029625
995959
793777
2044029
1970739
936616
1030407
1202262
810825
1222482
278795
1811320
288997
1058224
1771684
328029
378665
750845
914529
1406611
52821
1769315
99247
2017982
1342119
921665
283493
536392
2019818
643690
469565
402435
673893
1117760
1743892
1208428
1183757
396726
790984
1864864
1303263
1022232
48577
696391
313355
1282674
1602128
312287
1710368
1388546
769304
1280127
104508
1970017
45005
1330640
1229424
303623
434148
1146696
581057
1505256
464596
1022226
1925966
1344561
270587
326048
1772474
377110
1475008
1146111
1264685
1683761
1101831
1613785
1455890
1046805
462822
335048
1757199
937613
538411
1649775
2021207
1806653
598074
1181674
605871
870775
119112
1272027
735714
1418569
795152
687497
173775
886541
86157
684435
1878955
653650
1470610
1869139
389511
636380
417806
1073345
286879
423694
275216
467927
388267
1677000
1390810
32697
2026465
767099
1800680
17880
628938
562399
1454897
1936178
2021774
510298
915470
922937
86809
499881
153651
47329
852191
538300
734895
1127568
559791
733512
716153
1303710
133130
296662
2046045
338724
1635232
2066245
1747061
1621943
781539
405966
1888625
431838
527761
1947245
1172733
1162578
119882
381850
1041242
1521002
717200
625883
856910
1616939
114568
1437177
1392443
1940724
444013
514574
1699622
1545122
391997
734530
1868406
929114
241192
1218474
485052
1596544
52836
388529
389899
504079
910406
575798
230169
422619
1839651
1836774
1376296
1422941
1549538
538537
1430683
965400
1704426
1857120
1658763
66841
412407
1169811
250382
1730441
1119954
1246402
436068
2046469
37987
1505809
450500
1194586
1807384
1441817
1237122
2069267
1276227
374449
681344
310309
294810
1387067
1827850
1500355
995519
817214
1987054
1314509
1713797
1204141
660308
213971
246356
922961
1425042
22489
10086
1810229
995003
782555
23741
1090714
331562
765114
796808
107491
975338
1317536
613982
896200
2004655
1500320
626323
783262
261813
69444
16883
2059442
671472
1881247
1431924
1130732
158508
594144
1397058
325763
1995258
254360
1080108
290437
2014821
1818168
1117239
1098812
692559
1268742
1939680
1562034
548587
1926501
1484183
310092
431326
1129953
339568
1694949
5412
734973
1765566
762206
113491
1851579
1473824
651527
1312785
1718953
1904041
1523368
1141231
1819896
922821
2017681
1704519
888472
1048552
1365036
1288164
157584
1444202
1931622
523707
953255
573307
2057367
372704
404923
1352784
1377572
785730
477757
385160
787407
1255427
145239
1587005
1299567
135400
1813288
1566181
1827824
1921806
131052
466063
764834
1348728
475621
1144934
863320
858213
708156
425359
394324
98029
132929
772016
1472293
732516
1427850
551111
224827
853982
1762960
894420
1159516
1309815
1310247
1814022
951824
541541
941614
308247
335759
2025849
443607
997423
1002309
665868
359966
2068166
155192
1353912
734673
1379422
1320791
817277
1700414
69816
1280428
1938456
1315135
1249824
1381789
86545
1174107
569321
309928
2048368
594098
801022
1274550
1038864
1731320
1189488
574938
560140
163660
853425
1566559
1311949
1298367
1573307
63925
161168
1348432
267059
1865276
409646
1855513
320746
1018468
955437
642670
365114
270116
1918262
2008810
665155
505683
1356395
938001
968829
44144
452954
390299
445234
1468968
1406519
1694111
83705
221407
2020702
739883
604971
197132
985555
1740892
1212218
1397630
658912
2051301
1194952
1141741
449388
2021826
302470
1592273
81166
1124214
1399172
953097
1398625
222477
1499151
1843746
1941560
1244702
1920621
1599743
1056088
1029373
363640
1563203
557365
1566189
401899
22609
1628582
1511162
1411324
892963
1675993
1838581
1381025
1660919
1302622
1697628
35336
1655635
1977753
486906
1780785
1310157
1293534
956646
1400398
679777
498813
26315
1965271
155986
588987
1972002
1765318
1494707
2041523
1008848
812930
1421897
337889
1307526
456369
1329255
962595
1825082
37076
829925
1474805
13851
1529571
1638127
1948785
1794780
1389057
273216
259821
1533179
1598858
1827972
1545962
504091
1647821
1912185
153625
62282
181218
1616576
1352478
1689225
1474498
1740511
1873115
892152
1816666
1647429
1510415
1976090
735093
1668917
889442
1797022
1908303
704488
930412
1687689
68042
1538642
1411173
1952203
1264513
1319493
1329579
858464
1756671
643371
1416365
943890
1620020
1898916
131748
1872808
1516607
324478
1395335
1257453
469716
1881796
535158
452212
1763158
1261291
155423
1445520
730758
1426363
1627577
735447
653670
537478
1972431
1168593
1299729
351310
979715
1909312
1325375
548429
999929
508372
637641
1269804
619285
1481078
1560902
739245
1861520
1654687
1017272
261255
1782819
847805
670545
488473
508373
1009272
578897
1154841
1591169
631108
497414
728458
540541
193048
1548501
1830301
1587257
398587
1700674
1224748
1639845
819967
565929
488437
541720
1423328
167922
828566
1448552
259668
1057197
778017
491337
1231426
1265764
1663597
1507138
1892252
1996194
520765
764613
1031961
1582554
1893489
79212
1628608
443620
853792
1033958
560925
2040850
349677
286693
951646
2045441
973432
1430796
1056418
1707371
1260944
270673
1381487
1586023
270647
175791
175608
1625065
331612
16793
2023953
1022028
1890000
1332520
2040792
1526945
1705560
1456181
912118
1681514
1822470
790508
949712
188574
448507
645346
1487689
1529928
1006747
2010719
1067222
408229
122375
608793
1133484
1534378
1565475
1455713
1728322
732270
1261168
837208
1135520
996399
1541531
1511825
572740
1156259
129908
1852471
1629867
1742150
1113872
69679
1598451
158802
1556804
1427929
1271825
277012
1558379
1052288
1190419
894436
1722571
714467
573097
951155
578751
1108898
949846
1463992
1614897
568964
1633706
616217
660604
782972
845403
1557897
202956
277666
2069757
1308085
1956313
2038742
1167385
791658
713074
357805
1221360
939842
1096741
1913296
354223
6863
1841899
1177364
98501
1977198
417724
1779657
575484
57244
393651
930607
413769
1752914
1364765
1452439
1149710
1749404
1736951
144638
2012104
513910
852928
1388182
1927415
1746956
1786904
1245877
1384391
789141
773469
135598
1349935
1723743
1524052
760576
1832087
642438
1514179
1491157
1304105
1491321
122941
1431692
1718431
1412146
88193
829364
1035918
645664
1872433
778352
1413456
877448
1284397
663334
1829263
1662842
1270978
857836
629477
1339671
1873554
421210
926655
1019286
596926
1589929
263626
405142
2063836
413949
1074603
222675
890564
119443
1354596
1726436
927572
32591
177230
1849949
199740
232659
1660434
64848
1724203
922897
1154720
1558091
1534450
623339
1748341
1606055
574176
332536
949092
504246
526204
306445
495165
1582106
1899618
939354
279169
509241
508643
1673123
1848318
1223980
265462
948775
991782
1922302
795242
512100
615798
164767
1449783
979996
180324
375881
390699
1007924
1413596
590313
196073
503500
1087754
1713224
324161
1319349
718566
983312
1969071
1023368
1870798
1036989
517057
850358
951249
581816
1843159
425987
643387
504257
195624
21124
802625
432125
90188
1243143
310660
24962
421244
1138621
1858610
2004420
1075695
900961
426537
1130898
689827
1009754
271593
1651599
1425133
685188
2004728
1998158
1139325
1853083
546934
797019
391923
223591
105298
202386
1102730
176075
1774866
387489
1195101
500234
1824341
248966
1790900
2055681
679329
2065020
1810186
724327
1335241
253979
679184
421575
1537248
1772680
718013
263429
1002674
2013176
1085878
900773
1093326
720129
689837
265246
108695
708224
270825
867526
1190380
1597036
952365
406622
1632682
797151
2041098
1598152
917917
472103
1433965
1757001
1422100
234487
805794
145638
279681
1501711
180664
802352
1196073
1168138
904779
582753
610235
861131
386534
404587
1450795
1062922
684703
1501985
1785340
1471655
282665
1736475
1857771
1789610
999790
10910
610073
1085351
1250564
333701
102468
540150
1096724
1698888
928449
974456
818193
1413932
1485904
597437
104574
730988
1758233
1978140
515131
374044
555698
1203021
1899452
1635534
886331
1116680
1629233
1792706
548012
1324175
801906
1627863
1138093
1162156
323718
1783169
1133695
293354
927292
896268
311440
755908
1346640
676022
364645
646313
1170099
1799337
721514
747868
1399886
277274
357048
1670080
104842
837523
1424485
1186819
1340156
826041
138712
606383
1638079
1956561
1131809
1273276
140577
1604010
1617644
714909
1841515
1373572
1729336
682810
1618660
532901
687572
1688530
564548
1531368
934273
758220
1270709
1706127
1843949
33527
1000615
410619
1706551
1093297
2045759
1790000
582593
2025061
2002285
9615
183553
1804863
1717139
1271022
1251947
1082710
611723
293510
564498
2008504
1044447
143235
634975
1788101
682321
512837
1810848
414872
748121
264707
1422265
916661
1358340
398180
376906
426575
572052
238806
1156926
1447562
115053
1780335
850941
1845913
1923589
734563
1586909
1182818
589038
1657423
796220
1810140
731398
399093
1251994
816396
145881
1389000
906370
1293779
836755
409514
1670397
690771
1357613
1554783
53068
115341
717737
547550
224874
816604
474853
427534
39032
1716301
1157024
1425647
253950
695298
255349
220269
646326
86441
2038948
1077677
154812
1781819
1262760
207714
587010
642231
1084355
361564
1783930
1441129
1740515
714331
1480667
838293
904531
1427397
1535896
1368203
721180
591039
737376
1575334
1131579
2105
1309893
933434
1148584
1366836
1208724
928308
195989
1973670
1414321
1412981
821607
1724680
1123817
222302
311012
572003
1389731
1001764
248529
1051785
210975
1368051
514876
870747
438629
166005
1336337
315480
1273790
870307
998468
1800492
1924926
1313338
1370846
1754113
831323
1514923
1505293
637006
726557
1962056
519797
951712
2059490
491887
1173686
1014188
1971989
215497
556685
982680
269191
1435887
1240485
915921
59188
955665
1331793
489527
608128
905637
1396754
310593
839161
779212
1363110
2023959
395995
627321
1265740
797472
1667105
1235520
1258162
152859
797544
1997915
1697131
545427
579242
1085371
1640487
1530458
1491216
1058100
1069142
912928
564863
1606330
2056616
1454638
917855
1966623
1863786
1130534
210365
1588483
640533
1467786
1858065
1156466
935510
348359
1507567
645050
1439364
1874326
910627
594666
397786
909778
1134450
1507526
1859870
647174
1293879
589245
497249
1667554
292156
559617
1227853
1719904
1285666
321269
447602
910360
1333217
1806360
296240
1502572
207296
848312
525188
403434
1692977
1911456
1617025
416872
111466
1489220
547153
499983
106393
1119806
203254
1445850
2043531
774311
1317905
224826
1589983
414450
2043072
886897
1226953
1639207
676128
1876946
424217
1328465
1145460
2028601
966918
1752411
1721142
596261
1823823
1990732
2051243
1486773
344317
2061243
408348
2027454
1204778
1598763
1456144
395676
254723
377938
321584
2030245
441244
395185
2049280
1244226
303131
57840
81086
1657186
1924595
1276194
436452
55940
1167123
212142
1749338
890588
567118
1032654
894937
655829
264595
531759
1289957
1232383
35805
540830
2045837
1993980
980956
17680
866912
1229752
1167586
2006561
244718
792051
535992
1772609
1009214
759027
754872
112398
1872930
23464
1133189
832066
1582
1892800
1079556
1795734
1196827
1367816
1155034
129771
1847089
1694164
659965
1009463
1908421
829111
1464568
1133756
377566
1729837
1958378
839820
108584
38385
523083
1841969
884958
953425
1673940
644909
1052420
891775
1237956
657170
17570
52900
1471676
1152255
642011
896712
2001511
918315
1683535
529539
71802
1491555
1088522
1783698
1187347
942976
1988085
24943
2015797
511900
909758
470457
574119
984728
898327
1625718
938109
426868
628069
493333
1550751
1702881
1687262
993127
1240707
478234
492396
1723302
1819537
508837
1700015
1674857
161959
777069
1037241
1112336
1519140
1027806
434945
1747027
1983801
1990570
1214059
521252
680257
1577513
859967
1504933
841182
1994131
996051
1441878
1385490
1748517
68175
673089
2018813
724841
1868977
246006
110839
1901482
982294
942472
1199175
281588
31625
390488
2037151
358269
766265
964596
1137986
1600315
1472903
998552
1360224
1274585
960806
1487175
1163677
1693346
1259776
1620908
1839346
1989166
815247
2029871
830353
1646551
1971572
1841612
340939
343748
2426
786612
908904
1517416
1377203
1186855
1985757
1102955
104799
424335
958941
1507366
1250634
342208
172578
1003128
461419
1076674
93161
8229
808220
1355366
1529103
885327
1262730
1111723
1338135
306965
1874153
1232238
1592688
1572758
1782943
1894095
1210722
300507
652969
1956155
323360
140648
1119724
1030211
822298
210166
44904
1109771
830855
1676829
1878500
782388
1055663
1489323
130633
262720
548034
563420
262730
668244
379823
1008234
1184009
447469
852607
1632958
663552
1575831
543081
791750
1427216
182166
1803706
1199954
1481768
794635
1980989
1898545
34812
1755124
770148
516078
127726
149113
376324
1916849
748189
707184
1832803
610083
404454
394868
1815870
1225324
1002100
384468
45196
1053223
515714
139263
600721
1146711
847342
1216269
1337680
2015569
1129192
872522
1926775
2001900
1912987
802625
1466939
1866661
919721
1581542
247885
950283
1719131
714617
1329188
138303
522253
115423
1515796
756581
1486215
525503
1010263
258922
152414
1215810
189885
224567
1192823
949563
1593839
1440953
1281397
375304
1835956
1737175
212380
1280844
1778903
973380
169271
750125
1693183
1192968
476422
459939
1021624
783440
783258
261136
1768072
888212
338696
1650885
337737
960710
1966836
832961
1626338
301072
324890
112369
1146459
1477228
1078555
1049296
565710
1525977
1246007
806290
1252374
1027939
111249
227509
1246212
1707839
1793905
1913080
2057376
453745
843838
1173880
388824
1140312
1179390
1046636
333197
914735
2033343
1319038
2068922
628754
1852558
1803046
1130312
33965
265517
798366
675546
596691
1946385
977364
1921162
1169994
33304
256381
1276471
743454
1563050
1373922
1632061
749192
182427
1343271
877021
711622
211301
395200
1345998
1513498
1241197
1242158
253457
676717
1401758
941650
476239
597123
154226
460586
977075
64886
1709635
397036
620135
1149548
682465
629500
2036435
25901
1165279
1924984
1018648
1679031
1404934
520430
549862
543700
468989
1715420
1234080
644532
776355
1839892
1319560
727311
1736150
1572516
503792
1502127
987912
334002
1561893
1373872
164405
1385219
1914863
1888221
1650155
438177
75410
1133579
1938877
206054
394979
560879
1221118
226629
541054
464670
509645
143988
1980309
627504
1838953
805349
253747
1283656
1082301
949156
1133533
250309
1061162
1776097
293845
1119129
1144371
1204734
692794
611716
878664
1177889
288755
1990204
432558
1488348
1109405
1309951
164180
1966752
441209
1748330
1365393
1907934
347498
956962
833614
1398386
1019785
1745999
1381912
1633512
1943269
1284565
1000604
1426922
1315258
1729859
1524683
1028057
1814758
576942
838012
236535
584555
1005771
1890779
234073
116764
689199
305
413972
1920762
135352
1950517
69934
788981
1246977
618644
1636001
1223579
1558946
1360702
367276
1133305
121343
1331709
1319433
1117693
1568501
657434
1332810
796743
1027479
1020002
1594203
920074
2002564
648362
847574
1872850
1247374
1821379
1683570
258909
797019
1742978
979466
775904
726281
284556
550880
1431638
1031825
1754753
1762924
1886612
1443980
1342101
442911
932940
1489647
342437
335871
1037030
1239221
1641647
1734761
270262
1176851
2070558
1141998
358908
232184
1370414
1169398
613784
42733
38733
1965845
1280193
792056
1083127
498082
1658747
1864684
1756622
1307659
875136
1381580
420766
524411
1406605
485959
1499759
298136
1760076
516527
1981687
1967698
1209322
225920
2007743
1011986
842082
1312268
1919660
32100
242019
568621
944332
637759
1319075
96158
1048980
826673
1854906
996496
838046
575205
1489353
795299
933512
1946750
421332
1900429
191546
1127493
1951309
1342894
572089
1251944
1132948
487605
2056960
1317573
1505762
1171613
96996
1997629
2811
244383
233962
1363196
216387
1021551
552391
1486463
1537320
103313
873927
326448
1404485
662430
551088
1200177
2062922
420033
1803047
982307
1490371
1010044
405068
353748
1867646
671012
1857142
960395
362865
1387312
1343215
879155
1772005
860421
240928
1354398
1646391
1790102
627128
496837
1741849
1590680
699975
1769850
393883
235249
604677
249094
175244
204269
81112
1479081
1736973
548876
918259
306023
575365
1996418
1541213
280335
1949862
1118887
751126
1439392
1999254
1419831
167030
1508969
1707005
533953
944264
1114785
1707692
1034353
17226
562340
1627348
835717
1519434
1430872
1762608
1137567
959505
820302
21933
57874
874984
1170754
1906439
1083349
315079
1004667
2050140
354824
360606
1540456
1762564
70019
1665772
1574218
517422
1199001
530119
1979810
1035556
1693304
1516866
1639537
1442905
1567336
850008
244976
784970
876759
1288874
1204042
354736
40984
1160568
811604
1005872
1309844
44202
2038535
445634
712688
812174
430769
1910690
461907
1906010
639225
440678
248697
739777
688966
385059
616868
717255
1383296
1037056
1556054
966850
2017918
1762072
1404475
31656
1051024
605743
1417225
673435
471314
557662
339890
1116819
1890793
1484585
1808208
1525891
1484280
1266203
1526483
1242466
1827244
576579
845592
1638973
823409
1604361
1379551
1533551
1976212
121068
379918
67098
769162
237733
161014
1390491
1337507
966566
879958
120037
2020533
736323
1355097
1765628
78825
1581446
885709
648581
1148796
411243
375645
1145984
51568
1464717
2032789
1548781
1400585
2047755
2042377
235537
660768
1063844
754464
1850759
15817
2031855
1204889
1503921
1958910
409748
275733
1471236
787178
1796641
393728
124787
557354
206946
836124
76559
804629
829624
326426
2040070
1718925
901550
1445302
1921563
285823
1156311
906235
1497557
2048911
2053857
1379640
109973
71585
1783863
985260
427558
400496
1193939
829729
1028091
1491541
1596446
1705606
1737692
530503
1319936
1348139
616485
871660
463565
1567972
585822
278212
1969156
558288
1824735
1640830
1626206
1855258
1000394
370592
428450
963339
1135333
1931589
1531771
1335489
1624821
1334780
272163
1698724
292429
629670
63768
1846590
987611
1286490
1629883
1684929
843621
1457959
243790
804724
1413702
41829
978975
590367
1443605
253904
1066500
1567994
295793
723956
1108613
129544
2011695
168520
1642915
315467
1655840
1233850
1909614
1989944
1116386
1816946
1452003
1003509
1892308
1018989
1963700
1794739
344402
1626659
2033105
1339462
685212
942858
1279240
152673
191617
2012076
527292
1481081
1657477
324798
1854105
574485
1180148
2017606
574703
1963766
1082548
84403
1670976
687142
296220
1727194
814788
1692302
2025896
90588
741011
114188
1077037
1160624
1192838
131295
883605
1160437
1372265
445928
1525138
736763
1071953
1965817
968535
469467
386563
282925
470876
2001547
823596
184892
1860698
1282756
1310464
1359929
1903348
104441
165061
1045915
1197703
242353
387846
506836
1853149
1495800
710185
125697
1996458
1624258
108204
54911
856443
13037
1274757
2007383
1265815
486567
1693756
723029
112653
200936
1142821
224678
1802836
1089130
394614
1278101
1603747
223902
300704
1219254
2021032
2061075
896453
67487
570434
408551
474917
1907387
650121
1248321
88428
716575
1973217
1699332
1437216
1291861
1466073
640346
18937
707610
611305
314254
1440817
1897305
1816536
1400444
119034
1770117
846216
795758
1052020
1932313
1994878
1181327
251155
1027760
2050159
1537434
432944
1832848
1018768
2065752
871018
331167
976459
850086
855548
119644
1923226
2068740
461032
854954
317037
383359
1235742
959649
1762609
1910472
44004
845804
850586
2052530
1621729
1545450
1842539
1616760
1209978
82214
1836133
1026548
1604087
1048408
757451
1338033
972905
791856
369564
1885792
1049629
1436564
1912932
525956
770251
555860
2009352
952733
716285
381750
1916086
1954556
310750
254184
472619
1248730
1493680
2044441
7004
1065774
3532
1651758
1303296
1847536
1567375
445512
1638456
1405263
651226
85447
1289983
444184
1357909
209132
481863
1274638
693920
1106491
1808074
2065622
1739937
895638
166460
340899
1062529
1035754
728465
726226
1250898
591638
1428037
888058
727395
1198445
1235395
129828
718694
571809
1187766
933890
1148941
1899704
625546
2044836
1507642
285032
1981703
1969901
364346
1034159
1340198
432670
1627761
1066311
1872970
1557874
1975879
1570663
1051106
1147219
1568890
931674
967331
1568267
388370
1518589
1093154
239470
1047867
1069927
678133
158042
1697116
828613
1654722
62564
1583678
472838
601424
1306111
1236224
1025042
1109952
1672076
2024150
659349
814699
526644
1999131
95565
1547442
8501
117570
1208663
997567
1188842
1104927
1534403
339273
838057
1330508
2036610
678889
1714414
1445144
574867
1721702
313078
1624277
1140674
1759235
1772696
531026
1967979
16268
1933127
348778
1058887
1984261
748402
1071436
1536951
1674398
606855
1573751
763899
1913233
731089
216963
987703
1496715
290240
589230
1520638
1677850
1898465
735824
678756
1551892
1009061
647385
2031445
1406453
945444
1121375
1002755
58088
33666
464853
1086762
631971
269936
1130728
1910184
1796508
1793354
1987479
597593
1282368
1025979
1870449
1851673
336315
483178
144706
596958
1610455
1329002
1565391
862667
1271894
164663
689273
475725
1146991
1657157
705710
1255253
1012120
625553
1866957
847233
874741
1631121
732280
651223
860529
568543
2036117
1058285
1666451
1001825
1759096
829085
1193595
85280
256009
1240754
924898
1080960
253845
896462
1668327
835444
916443
1803269
448164
1713798
763123
1446443
2000603
1242760
1400245
1776781
1365953
837471
1361433
192674
189972
1834318
80987
2032275
1304531
1112451
1842752
959024
904684
2042734
349609
1387364
1306516
1684078
1412361
1878497
1118319
1531869
370250
1608246
1072828
1534750
898021
1829266
1272242
1645356
1634971
1777931
664263
922590
1644496
1369421
1797642
1798639
2058801
1862398
633870
1780780
1531482
1678813
826313
1154611
153255
1030322
1033773
663508
507498
463971
667916
126174
1808196
263263
648843
870709
632400
563105
81181
465139
1961322
1000999
872497
133705
1561500
1168340
16265
606836
1099159
1524263
335100
518745
525014
319944
477574
448680
1322114
1609241
79608
1981716
1819547
61554
893969
1158103
255364
673358
1935696
203764
459374
1298082
139951
1672911
852544
649141
1336290
1833084
822301
1744937
1051444
1765530
1390055
9060
21166
2013332
1668542
1168149
1717416
930486
1957953
1914886
1803775
856430
1080952
617103
1873222
1699792
603289
1845450
911438
290094
1884259
1815503
1451579
289635
1287163
272284
314264
629421
109834
379565
1500609
1624161
601211
956370
1510296
320747
493130
1973006
749683
269729
1448584
2011742
1244258
906608
404269
1696905
1361463
1182555
1486789
1389659
1087964
432346
1838042
1747721
1537974
1577662
172879
1940676
1531428
2039346
2040978
278415
735975
1096314
24900
633451
660629
1810589
1476252
2015540
1616432
797323
851363
182237
168907
877650
906936
365999
1169919
683208
1460719
1123106
1094067
20973
738443
2015534
485127
382372
903690
381119
1902229
97570
547145
1955745
332303
1683267
44557
1280121
2059919
725463
1088845
316705
1535013
674527
1096319
1864756
1113336
556427
1406002
709703
1340420
707124
59256
266605
443060
656890
252411
535279
1652545
573384
187744
1789523
1188540
892920
1409350
702432
1613890
55688
587736
1770033
474597
62244
1785750
178969
1774051
511282
2020181
529441
237101
110634
157307
776276
559990
1070699
1636882
300904
276243
1974950
164656
1732828
183822
542156
1377881
1015060
1079567
1204058
1096493
1030335
1920941
478966
307306
795756
841580
1933677
708173
547116
950636
1572050
475299
1234834
775357
1327140
1983398
20149
326007
990134
1009908
1081283
348108
1529284
973602
1749477
407628
3505
1556709
1978881
1133936
952184
512461
2061822
1231991
1599302
1383234
1660343
1644069
1873390
343858
627635
78231
1421520
2012875
1190533
872068
1963233
1633097
1167701
425673
882726
230427
1609223
84259
1134998
389996
2022669
1230412
284660
1077817
520839
33307
450687
1226715
264388
1630116
1794010
1143949
1781490
322686
1993055
1110993
1530728
812351
1264727
533402
1898043
1555450
231950
1724201
580967
1687883
576702
620970
151776
139498
1927177
1058309
589833
1289239
522888
804206
388959
1812269
2000303
100770
1936169
730249
1562740
1822771
1096457
1026489
409298
939161
630301
2012573
1654705
314421
841641
1272245
1875031
707995
1256265
1022248
728744
1520309
1191461
1480192
1633592
762884
1433937
1148818
1724442
934131
1804436
1211340
1384219
1288294
773192
335823
502432
1642176
564071
177369
490023
1761802
1671380
341450
222891
1869641
1773523
1244700
1369532
1236027
582114
2041136
1275161
1568219
751715
1024469
247607
695014
1261012
459118
1808250
1288676
1570120
705875
1512092
1513481
1188353
1066872
1839569
1683294
338054
1999382
225041
451218
1324537
915811
213783
107072
25494
1956388
116259
240161
1005498
1383609
1058099
50776
419586
902891
1767053
688703
216366
1234055
19665
1758317
1725586
750866
530889
1916551
1427304
1515763
1309474
65193
257505
1404526
911289
287391
706044
1204692
1185837
359302
63902
32179
1839101
1862944
407225
181998
1875571
1808224
1729857
70944
2051417
1638045
519395
1747610
329213
50649
326429
1465885
1444239
27266
214950
1032661
188875
1418564
1496420
1153579
1815069
1761833
2055105
315207
340039
1625490
1462781
1683150
499613
1220106
456195
945914
674584
802642
1348952
460351
1019094
695087
1429681
887177
1007782
1834504
971626
418902
1109776
1278847
976546
1339949
772493
1975952
1980855
94611
1406167
1023034
785297
528132
1094235
637352
1030499
1072885
1603608
1172782
753349
1551780
43488
393093
342758
1253308
982599
2014273
1437576
204029
1287248
27757
1133878
1645249
1266117
1988598
144825
254033
315656
547278
1332257
724431
1851715
362803
826635
1404938
1772365
535420
1824516
1021454
196510
1837194
663383
1466586
414502
1848037
1261685
870530
943137
1966159
323139
1945432
1479747
1190946
956636
2006692
977063
97093
905347
51674
161042
596246
392625
965364
1767998
1037442
86962
1006913
389311
1788011
2001081
984974
927587
997802
1145714
43994
1961636
123077
472409
1759192
9895
1935311
365257
1535267
857712
740384
1129647
208434
1588923
445045
628797
1195211
458040
995880
731145
1624608
690484
380632
715923
205432
24463
1696125
149090
184935
209068
444237
1665273
1830703
820365
82373
2003407
1719441
109229
535712
552064
261406
250425
1556090
1513617
2047124
930864
1155899
248364
1367739
1057024
974492
527146
710543
1387942
1326280
499234
760202
1307161
95362
112250
2056773
61883
1219888
830921
556193
1423244
688743
1252295
930338
10484
1378595
1697520
421164
1919532
1180372
156802
265798
1562167
316406
1616476
1131737
155459
1306554
683469
578381
732381
1759960
660116
657503
225820
39407
1312484
1583688
1380751
219142
60365
1646934
995867
17600
251713
622824
1657310
1487771
825318
1513056
1834341
336268
925638
470937
812659
1251393
796779
652701
1716071
197618
106936
1761527
1550868
615831
657017
967107
309413
229302
871785
1262866
920825
1756222
1146986
1847308
448666
1861667
1827000
1311548
1865576
922205
1319394
186025
1898896
1115889
1847223
1353501
547410
1855564
1260931
2020696
469855
1815879
175173
1371496
1842058
1641492
46145
755619
1315929
510125
1971428
1077266
524928
913819
1141555
1983289
536971
1125235
1949012
198147
1834006
1753156
526972
1145340
1668531
1521973
344163
612695
298327
1580440
137266
525500
324910
1597159
1547537
1600686
1187515
95552
1183422
1798122
1731968
841822
1130934
1681849
1896558
1995960
1266716
624221
1046791
1168906
301917
1512235
125265
386638
1202792
743389
1159973
1900485
1162646
10700
1954471
101745
267367
83564
1536686
558433
861337
1380315
819907
1294068
2011018
1470055
936914
1085680
1411997
1661677
1392930
45613
1390148
978700
537393
1761233
276674
704518
491367
1299131
1659148
769101
1656060
1152480
1806709
1436983
1534214
636880
227488
1681906
656628
83454
1872598
1032579
1616156
1587765
1753133
1442657
1675887
1901199
298660
925208
143565
1350674
1503056
556323
1603023
741171
861297
980581
1612669
85687
1326421
712610
1434591
744649
1911904
2043277
231624
195545
2032493
737640
2029004
307753
437199
523617
2023302
1317922
1110163
2016621
577695
533713
198292
246900
1225174
1108356
1940969
291257
1128368
1180888
1719929
1119203
1479454
1396294
1635203
2068188
1919626
1609461
1665110
609829
537251
1141897
2005730
1689096
565575
944114
93158
996845
1817469
593954
1648911
551732
1753005
1238955
624659
1127549
1871426
440907
2062367
2052186
1429342
1154209
1732743
1338320
248085
1008
270302
1071974
1667598
1841109
236343
175364
1216273
1805966
1888808
1047960
1692906
1153469
1702362
1115711
273113
358311
1478713
881278
1738830
440217
1551601
998678
1643452
1343555
1069440
1220916
1332335
1141160
34233
306941
1229919
1088021
164258
511383
434821
180694
1253221
1012508
387897
20248
1115597
1784779
1186399
816406
822755
465848
2017442
901602
1545420
310065
1814379
587850
1998522
396936
1199713
1975850
526054
531219
158644
1849155
1931786
1029156
945536
1310882
1355348
1345491
337581
478320
1578458
364578
16019
888072
1608599
675552
1526278
463846
83733
1962690
910551
939478
73953
1762699
1439608
139041
186306
1417727
1276026
600260
576615
1005947
190108
1855805
760019
129102
750335
1365158
1719090
1833278
1115461
1032136
1348538
1694335
255821
1777348
1101243
908577
393974
1699233
1064934
1084237
304076
871502
526427
883916
1464987
50555
1139210
1607013
1387943
374969
733321
1979730
97045
551854
1969356
1817294
656938
11645
1553212
79874
297159
807570
379874
1182836
2001145
567865
101904
685739
1700980
610674
51122
859582
1076701
330151
656727
1015395
1027356
1648446
108454
871724
483329
1231231
879963
1011458
1815563
752611
1457857
1285426
1796942
14968
1951116
1917308
453773
167508
696150
1557681
934234
274171
2045495
355292
792640
655122
1143650
1310442
1529621
1250313
530231
1346443
339908
421907
1178900
1828499
703962
343907
1120918
40062
851851
1511634
1960894
869202
620793
1681362
1664557
1733948
862859
1494640
1069244
671044
2011819
469929
356888
16870
22225
816576
340939
1410157
1167324
617664
1606769
671184
249912
284229
1547112
2032788
863711
1938738
1975982
179312
988011
619798
1441989
417639
1684872
1726557
59540
1662680
1315583
357993
467336
732822
229358
1480134
597353
176063
1114447
2042270
1841378
2030908
1691026
2014674
1730384
573052
891880
2061838
384673
264245
17174
262200
627383
1631038
71426
456582
1074828
1143049
949814
780373
1284145
1825362
1335546
97182
329543
222511
725048
2053776
1841931
1252222
1899432
330704
401135
1664037
541508
1972687
125779
1025813
1719638
102206
899339
945050
491311
1302715
1575962
1799335
521011
489981
472084
1334988
1957496
1976279
871783
1321062
303636
1925343
295248
290799
792022
462424
130696
1881831
66813
420831
826889
21304
1895189
1782661
981702
959920
1882759
1959622
172814
2047556
1504974
474016
93608
1438357
537085
619524
531348
324477
1035672
167276
716046
1827564
310133
1067975
449392
66629
1465100
939277
181533
2018079
228887
492871
1603603
1882269
1615155
367517
1971134
486765
1086026
485203
163312
106459
1777252
1257184
140885
1129856
451495
1888520
826646
536008
868205
434333
816117
701760
1591393
1558304
922205
1057935
1190228
554076
1322814
1120927
1157868
664493
1905237
80925
1553436
505780
1324701
519221
111241
599657
838934
940115
1943904
43409
1425041
1101277
992809
1773568
1956441
864707
551445
200782
1377609
1681068
1983468
596191
958622
1323243
903412
2046397
324039
832710
1879199
896438
444368
1831751
555319
1130414
400479
1107822
1527585
1901779
503708
1624773
1273591
41420
749383
1562437
1016527
833475
843229
2021723
1628630
749740
587645
1755904
240886
1502334
1713253
138602
415174
458813
1062512
1070090
80868
26202
2059864
1183620
264559
2044471
52034
768526
1434089
366455
1987419
1339654
225346
408425
772301
777923
1444134
369444
1077590
1912553
600255
935390
863562
15050
627649
991224
1845315
755342
693490
572209
81024
1908424
2054965
38874
841675
1962805
1664078
330801
1219789
378422
1416237
877806
1808570
1717082
1389580
1247162
600774
1205477
385181
268506
852629
1226217
1450097
821120
1956242
1873158
1485985
306592
1967679
418676
316635
503919
1918234
1371320
1763952
905394
801302
1868498
1885106
1739363
1026425
6357
1772949
624528
101934
961724
602314
906121
1754221
258009
833899
402136
1487760
890145
18395
68324
394270
1243556
1156904
1267392
780937
843980
86820
1508722
374347
1967286
585595
1450596
1301783
105407
1504554
365957
1237986
583198
284464
1734081
504868
358884
1779450
1432020
317657
1839538
1114653
1393833
2031864
1686427
341785
60845
369101
2010199
542210
759442
2015000
783792
903038
1431461
1190535
558184
1685438
1541567
426180
1789415
99289
311561
838961
1590285
979815
346724
485422
1524214
1720642
301074
1364813
206527
788328
802004
1893806
29074
470964
1385197
521367
379478
497721
793994
184090
1927929
452847
1913418
1449979
1534914
1514801
685607
1034387
903863
130318
32637
1072839
1754162
2033452
1737419
981522
1934445
1740140
780419
1084978
816544
1121087
228292
880131
252229
959626
422271
769654
661740
1892776
962319
879259
1125529
1887230
1116384
1931963
493688
618051
664079
609144
1314021
1661966
404179
808257
1550871
627892
1209352
920853
506506
1221328
1269503
521266
134738
468447
691616
94961
537627
2041715
748000
484186
565655
719109
354464
1935988
698442
1928916
43541
1801314
1804566
1795497
1646163
562471
850511
1225896
1773088
1596061
1918126
691029
1410760
442920
1110595
275215
561950
1155292
410574
527022
112760
1616901
4261
1004102
1761861
941966
820494
671470
1680465
334982
2067862
1181421
1651609
1896029
1482759
1034900
124751
937201
879134
1009784
1921536
1716350
1152093
1942091
1144641
1985693
306659
624991
868457
1242980
1036188
1614749
829600
946806
1615081
1136280
1251007
1476837
504365
1610435
1074526
1493488
495600
1027019
689641
1457492
1532466
1715434
847630
603556
356169
1645930
1513819
1479421
943325
1854425
1881399
1401170
989502
518709
987896
1115599
181294
130454
1669162
1006060
749552
1514760
449868
1427280
204032
119272
1791374
751945
1817661
1860788
762235
595922
614672
1052763
1443920
1641020
910177
218909
1940664
646862
2005556
2001361
900725
1338576
564100
168030
1197869
191100
1921963
1406048
916196
1869367
1076513
1738267
426920
1691310
1640497
1850515
1741375
1100955
534997
601965
1954541
1929829
114132
11047
183220
1988867
1582282
285487
539111
768978
1810672
620882
1364716
1366185
1841647
1994124
197104
846679
389332
718518
25325
1855368
1941950
1988779
1716207
1050287
137656
1088238
1545691
1017238
303813
189322
1067975
1279971
304859
767993
1053385
980473
1776951
234885
1238127
1779189
1182722
1193848
1839508
1425496
1638785
1269568
1870715
866032
480382
449472
144780
739752
1168045
948529
1455603
1564172
797531
2007011
690279
1890840
718427
1173058
904223
708126
1529199
1622787
294696
247607
1442504
468851
601133
1513665
83148
977109
1451830
563775
258303
1792726
511033
1579111
844038
232189
2070280
131449
726068
1979050
764512
1866848
276842
1521967
1047220
1076962
869688
1743143
1768461
158832
2021691
1666492
1927623
213981
1413588
1680917
986276
173726
109520
121842
1336075
253810
1749631
516871
1293107
1885563
1239698
1502663
1935890
277564
637922
159802
2056981
296766
987667
2011377
27128
369618
1352132
806856
502543
1404462
22119
1996052
959713
987970
887080
296348
1836622
1817636
1401602
549188
1972202
1815800
919322
277570
557956
1207018
584702
1581730
1424741
427052
1878554
1820336
67669
242398
130808
1233787
746788
113182
335540
724387
892616
141737
1764682
37798
1484505
186865
1408608
1307293
692304
1460189
1048
974755
2022831
1165585
869365
835170
1793859
430253
67940
2048872
742350
1677127
1581106
1613454
1589975
657114
858396
1623006
1284858
223259
748531
1221921
1100340
683258
2024038
1038567
726428
982109
1990864
1300927
1374987
1322268
1116987
1814171
1958377
1554093
1709528
1523584
2006305
349718
1239628
1990604
1378380
1622708
672586
185013
456033
1881681
1385012
155036
1687465
834339
733325
916085
2012380
1103220
839881
1652703
783405
1053012
457561
279639
793450
844982
2043125
1085143
1269785
1214397
808033
562906
944013
62806
1608637
733784
1976165
1423320
947778
76174
1710775
1121043
1604046
1865354
2016171
357586
430523
125509
1512113
1618007
1502478
1029560
1054600
1110794
146586
754467
89818
260199
885922
1101647
1040356
479503
1312274
1575939
376406
1380545
1717349
927494
1655529
1995238
745839
344026
875758
2049016
1291989
1137851
1583302
1916549
1159406
1797587
359294
1178430
475823
1568122
2026623
126707
664278
1902239
212668
1680632
1897871
1625848
2054336
1555407
1644702
615913
1416080
901901
648770
386736
1244330
531435
1924645
2049005
357458
1288635
1659398
1736840
1497976
1260791
1734330
576652
1533334
1784551
1227655
583791
1940673
355172
1976724
1611138
384317
1515361
21620
972384
501978
1553978
1501284
1527563
821842
1121179
560766
1706172
1238095
235443
684404
600723
757096
111713
572015
613089
27100
743403
1405830
1203379
1247392
1364806
487505
1780938
2049688
372025
1404143
1343256
685075
1020562
1217561
1440592
868844
362296
573032
24209
45592
901786
925679
427674
1759967
571865
1678018
329322
673941
1964071
673267
1982032
1993052
1870845
850957
1192861
1926902
242481
1856698
908743
830798
703237
873225
1340427
1555737
465879
1413366
1711601
50707
586845
1931011
126441
1124177
1974054
1555692
224267
858525
51487
168403
226032
240803
474138
207366
1693026
956884
111803
346502
1394913
2011929
93147
64197
697814
1437207
1762234
1781733
366291
505449
33503
1682176
867763
791892
964158
1529000
1968959
1532375
1303031
342487
90367
477796
399615
1567958
1675913
45402
1690739
1448720
1447800
508485
1697895
1668764
820045
656372
544766
1551264
240282
432848
1991595
728039
1359769
635137
1154689
1387024
1109667
1086607
1287590
544351
333795
364781
53910
842321
389769
1252033
714786
43787
413984
102825
126558
1127875
76095
1997544
1501501
1874993
1841065
994659
1793118
1265830
1852549
1142317
1035513
119633
714775
386568
1386096
871524
451682
789233
504784
370652
73063
1576620
93394
1681510
1811451
1429727
657351
1096541
1974283
821666
1605953
1872
914973
1672780
936382
1010905
2015846
1239424
1648599
81459
951214
101356
540874
1589432
1398612
284961
1892967
923815
1482580
532458
798753
614615
1160891
1371003
147471
898964
503468
133270
1911473
1029296
1708088
1215978
1520202
587003
553375
2002206
1074820
135609
1183369
770986
1401126
1958774
748910
2027141
1990106
1725072
1740499
162612
1359574
53888
625089
1001635
1200440
1856614
786101
200761
1736352
910145
1547873
172395
598408
963777
1376562
713806
1310164
2066599
1135324
2049706
600915
896354
446281
1831513
1631898
1614089
2001028
1345486
49627
1746244
1582769
428682
331191
1725476
1886132
802536
435118
599807
2061482
1636383
121191
1601649
598151
1716688
883052
968338
1075247
1194793
837832
336763
112553
1678252
408178
697811
1031834
876918
1388196
2008133
1473659
328473
401844
397730
1730999
1681945
923538
1408524
928404
487238
1942989
1178232
964788
1854146
882408
3004
400146
939510
1133454
1351310
112620
885391
1628340
1297967
600641
823033
644530
847232
161525
264200
857379
1523941
243585
1250697
1626194
1417568
1573905
1684443
307077
1957665
1565413
665837
79942
227466
1301218
748717
908610
1374842
1647818
1195981
909676
528576
2004427
699779
745466
1266491
1505057
898120
930128
1073724
986895
252611
2005071
1114504
85019
369620
51275
1903145
1974753
242026
1234135
1190536
636302
1244083
1178746
1407460
373863
1259939
515094
1629012
1394206
325848
1540061
421873
1858
1808475
1520616
718295
933327
1073509
1503176
330526
286682
1813686
1816035
1615563
1871047
623510
1370541
1582636
203358
1000010
1185132
1414405
1832593
55265
2023939
653204
1553448
1213893
1261533
346675
957564
1499450
247763
1954774
1836941
693998
1644541
1662595
135212
1863441
1520499
898916
1909345
1686258
1735130
321126
647749
258913
1194337
1207273
1047355
1161537
537874
1906573
1885540
1913676
1249731
1267481
38277
482738
1149711
210142
264295
998230
2034600
798717
1516735
685510
1484342
1220862
1977737
40318
2046887
914870
803224
539439
533822
435311
311985
1944176
1719958
909661
1996384
379297
1196795
1702990
491150
378989
189707
387755
357732
1416617
1031636
497637
297201
2013932
201265
123945
1729667
1398294
1238092
729744
695478
289575
1782298
266459
403903
199447
203115
1176673
2019605
1120808
859115
1073542
1778841
1889362
1530972
661394
2009912
93261
1589478
858614
1513630
261885
336779
1655640
231735
1841730
1592678
399809
49145
423871
1218222
1229227
704375
450468
1480345
989955
1947300
910793
529532
960044
1994535
1528619
1150880
185909
282666
1258613
873551
27161
1545335
1959210
1453142
501376
1995299
462851
8952
1739230
1953738
69320
1354500
1413536
470220
1052803
966210
315738
1937785
1582644
445495
1517635
585995
1237653
1929712
571319
1786501
1347986
514913
1350459
174918
1309631
1790764
1083547
998673
208216
196975
1011016
1150581
1471890
127567
1639819
188303
1005565
1062350
662018
2019268
876672
945810
1881505
1775322
1868697
1913760
1264544
273917
503674
1937023
192144
1004774
1881711
1375520
700803
974727
734110
799157
537732
10819
1165253
723750
426199
736960
38026
1214272
1951604
1005381
1838476
640471
148921
1822464
1402520
560909
653330
311992
476133
1730243
1845517
1261066
1750275
1535576
773964
1202957
667596
1779820
696390
226814
163988
1779410
1251799
1279701
972878
283762
784869
932025
1784035
1991932
1119347
1223594
1587747
526470
452796
642510
376375
254409
2017353
1499606
590115
998216
657680
1202144
544357
1850196
1465004
410993
72557
161030
27487
460774
541315
2020776
2054445
641282
647506
2033874
2012725
1626394
1405406
693825
1114185
1904891
225924
208866
1737602
177896
1446069
1853793
1248577
696991
511940
184099
1402709
479605
2014520
355907
1340398
584262
1577501
771097
1182821
1700565
461444
1851361
1138727
1961103
439424
496739
2001829
1159934
1307101
117687
1215675
246240
1100296
1003322
620079
1074003
1240036
1497830
693326
781167
778643
1687107
1069927
222171
492091
1619713
730868
268430
468351
352784
982894
864868
414810
630302
122427
5876
271450
1711849
79490
1552470
1563154
464751
1321102
1940164
951832
1113025
1451810
732648
647599
1213657
1566731
114277
630325
123965
378241
1914493
728220
559375
854799
1252914
886715
1425266
1927994
1022029
952922
1540313
1482
457799
1569670
1166805
1086329
1228659
2024031
71583
267607
42413
386135
1569749
2070514
517810
1815008
1914148
1317226
1257830
1971374
536847
1790881
897112
2043166
1019157
915532
1007773
1089424
705877
192443
1934367
1348726
511236
585052
2011192
1208269
307296
1434781
1594239
874553
1273889
107784
1946524
1062974
1666399
1507442
965519
1109209
1943855
927827
419343
1827489
1671777
139245
1309594
917451
758813
1565198
114224
1562685
1672832
1665707
703238
41644
416242
142572
1612174
1642075
1682277
340639
39707
797837
759022
1216563
1259982
1464060
407781
18387
12320
914651
1120854
841050
1005356
295472
1588311
1276384
2011128
1806893
478266
1740210
2002038
1111879
1483054
220484
462167
157723
1433792
494093
437627
682
897610
1216975
1994288
408038
1078025
127544
1982345
1539207
936909
1694886
133618
1020009
111438
849346
1335960
2062995
1569002
426453
620412
338671
514987
923163
1390345
518216
883150
1335788
954629
806558
343718
1441907
1101062
688222
2017231
1225445
582415
1808535
1212327
1055150
52634
1547281
1815774
1809836
2039469
1100303
1106671
408472
224939
122780
925531
116469
1716684
866191
774692
1411152
2048814
228767
648112
842253
1938745
93792
1323684
1319091
1904100
172554
1783552
477523
2049725
1697275
1555785
1781936
310649
907175
940125
1288494
204764
196240
1919214
546701
1033676
674936
634202
1404225
1826708
1934002
771886
2066392
1828033
1699621
839093
548295
1736966
797120
418305
1556529
767682
1828562
2056585
1954807
221390
1958757
476469
771282
808156
786253
1385090
1533260
1917100
312434
1099374
266920
1704279
853730
976973
2001829
459734
1500238
1069138
119561
654463
1204237
1798481
1196237
1620435
1026488
135183
210213
1823115
795867
1039234
895922
1943706
792307
284015
887955
1056570
1550832
344629
1939049
954399
707800
285931
1354320
517014
597098
1457142
1594181
704647
342470
1508153
1099653
857454
522071
2024502
765706
978505
1972310
1220101
775336
635392
1339236
1646213
739157
1886043
208734
1580767
1670660
188486
907390
1915637
1677855
1170609
1606621
364135
1935875
677568
366647
1164704
1785160
1792528
2014079
1191408
1168434
915302
1717015
45701
1112585
1342926
479990
1894475
243701
1626286
372909
1531405
1666949
1340253
1370576
357591
1190950
110838
1842295
1321173
536160
1746332
1913867
468937
144145
390280
1181381
261273
209087
1883582
225516
2040723
1539825
108088
1333888
1781554
261390
1102007
707765
536739
560244
1177215
2065152
337154
1636843
1740712
822139
323885
389247
10048
26299
914963
548688
327248
1592718
1792917
1380455
1155271
2033813
1639031
185616
1042371
483523
1688326
391377
295126
1572876
1167916
1285992
971151
1859356
417286
1957061
1678441
135935
1830397
1774641
1548266
969290
1879711
647570
290276
1649869
386140
84187
2030131
913442
926900
1699388
1195651
1343787
1638408
1102941
1687855
604708
188685
1194862
1857237
366887
1656513
821336
1034514
49840
932857
718500
154784
586739
878515
237979
649390
2005902
583238
464708
874544
898779
1663861
1479009
1817232
2049911
109814
935672
1849922
529986
532684
567713
665085
1262076
1146569
335331
1707431
665885
1859675
1532263
176163
1896932
669856
47169
354476
866474
320118
2057606
568395
1972130
813408
928664
1647842
431805
760983
1909914
645296
2028738
109690
980151
1617305
450239
1200661
1004374
989690
1773078
1813247
943785
469490
96437
1219190
1101577
1952797
318171
896698
235125
1645074
96942
6202
1181086
80286
1672469
956030
1716870
1597922
291194
630853
1123512
1656296
861940
333772
1621633
1421675
1563237
699025
1998827
931162
51035
1027330
1849784
573043
188011
1374482
644068
399745
1648359
605600
991559
1381242
1833703
37287
12344
259597
278684
1194493
1671167
1313855
1765596
1164198
1981265
1360333
1949172
1630712
1082544
308183
1521567
1106373
1618774
570536
1551769
1704329
1831773
1319249
463174
349556
708568
505394
1259666
1785394
61643
1834350
384338
1706519
1703984
894201
1305828
620162
364531
984163
1543963
1271279
2018454
1219754
1302883
1978629
1116125
1730161
936448
786837
1477709
1719979
238691
181050
566930
1236831
1086894
1743936
349478
1964662
123983
1248891
905434
564869
703422
1819743
1334710
301319
1615970
106436
1068460
990082
355123
502883
740265
628256
47369
1621378
1981153
1993584
1784934
1295485
831596
346355
1470124
2056955
1356281
1132820
599095
885442
997031
371036
1717321
1787144
432281
1494742
1442681
668282
1730482
1552125
872747
1085023
508822
1833629
1654440
1277498
1400923
1316677
1367694
1438970
844525
1807096
1719837
650558
1265521
1443425
919321
501283
1050603
88344
772811
306798
212579
897096
1187195
407357
1524516
97179
1403258
1784099
1138251
1788024
445858
442341
826946
671966
1090616
814761
1854565
1817349
1516976
81051
589439
939126
431622
717163
735380
1308617
113152
1287253
924682
573962
1278578
1668449
171521
1972871
839557
219846
122599
2027734
227045
525267
1884445
1821543
804054
181955
421326
639912
307808
886801
1987548
1338862
1668850
1826456
1341762
425209
932969
1159649
424875
1047309
39142
1996813
944688
1693848
1438632
1647392
243108
1379807
207432
248316
537462
875084
1783440
2015292
333901
1663878
521869
910064
1687893
838667
1782256
1103650
2024193
288060
1153027
886162
1060187
717545
1900395
1531459
595419
876093
1395986
858470
135484
1446223
1670668
287271
1083427
2042638
1402166
714287
727196
82267
418354
697174
312840
89854
692633
1586329
30757
1302712
1778893
1020262
1272717
1463756
227469
1176064
1757194
616771
1024033
1405981
1962756
716386
1079275
1531516
458755
1053827
549295
293589
1386956
411959
513604
813822
1328616
209715
1582147
1680798
1868534
570311
1250847
534465
452250
2069732
443450
1577602
1008545
1345753
649811
1718600
1809341
1547461
40420
387479
490541
76165
1329608
765087
350257
676688
435288
578614
1859832
599460
1360048
406786
279262
481979
63519
1272385
1131316
1463779
712950
483153
585277
1074676
712182
2764
1109322
1780571
1656317
423793
1922776
949563
938116
35344
716963
2008022
371291
2066633
1274808
1529800
1175285
404768
447593
2010017
105698
1538662
1912109
667120
802751
557905
1354440
373285
1307391
395219
1293700
1302660
1408395
1030535
754480
1763994
665147
120256
30219
1813215
1841316
1330966
1705952
2017307
1721337
1389380
537288
332813
1955515
1123480
1793054
303445
624064
582300
24012
1273671
698104
1919266
969566
879201
2027281
1485980
875121
986753
1656332
3024
1562515
2035
98055
960528
638241
1224225
1304654
772531
679327
331421
1845013
1319018
762349
416218
1680157
1672846
1514428
1803507
591354
4869
323381
444175
370545
1949537
1478990
56399
1185205
734648
901224
808851
1572415
1089322
289413
717480
1412984
1291730
1241509
1319411
247531
1493018
504607
1441869
1876141
579567
1821566
1534240
1844518
496727
438744
544587
603571
1665757
434892
1362139
1617797
376765
261562
1436853
324470
883677
1426183
581098
1212842
1602868
1015791
1921621
37444
1124657
1532344
1759826
2046340
777716
669807
1266081
1193553
1870699
1168730
1112599
1337564
751473
1872053
1864235
944699
1027616
2011423
1677292
1267121
117006
350583
382061
1522766
1559687
1306176
538231
1891328
1952172
1516606
1075439
1473845
108483
1320364
370685
221638
1985865
611422
422735
1979958
798744
1430339
643670
210656
698877
1607301
773823
1961125
758707
174950
990820
333688
612987
1842347
1078869
2068045
600702
1761099
1968876
940486
1803766
1983135
1636575
382627
1458563
973168
297586
926030
1594810
1500451
818180
1716409
21189
1558142
46746
41921
2039379
399518
1908035
1005999
1002475
122305
584548
1710733
634638
1637868
2030520
1542237
1215297
1865429
1547263
118995
307182
1768891
1675789
1984321
1205646
844497
218404
1786171
577707
1517274
128999
1910458
1648554
1794800
1760147
1420534
1141516
836810
64354
950753
1283661
1478310
581637
1378019
548455
1025117
610489
851962
680858
1461809
1037939
275096
295174
1323725
1367649
954473
665217
1711632
2041770
769378
1998864
433418
1429414
1626768
1393032
1373998
60253
1768440
1943407
1153411
1144269
706903
258238
733843
987986
1061250
1806120
478139
571613
1140873
1825487
744956
1971026
1918670
1189615
1248794
1934897
523556
1754070
831648
1860289
666404
849337
1781651
1853519
1434649
613817
1903200
1810057
1079731
555280
442295
1701429
1882520
1396984
2048780
918025
33073
1622120
1494666
1470259
653498
1253483
1873648
1446082
1403134
1699349
848858
1067214
1753106
1926799
725816
257410
463504
1615321
1977077
663915
1570894
1310187
118040
1299457
933808
201369
1166400
1753246
1505512
830291
1137060
1702342
1888121
1476892
1083144
1724475
703
810405
203909
778664
188061
1008146
112527
327413
1735117
806882
2061059
1868970
1397427
1062428
1618827
653069
1356281
1999498
1924779
1460058
308141
1792351
1554290
1662104
1265333
1138227
727268
1192682
1341936
991014
654052
253526
693626
1973633
326858
1635024
128834
1589016
1424112
676807
970058
1431207
460275
107783
1480660
496128
1814215
980322
1816316
673914
279901
359574
1087244
1944176
253079
391055
622701
531318
109641
293126
633388
1508549
2021781
1341806
1916463
1571516
1274563
910420
1215741
301048
2046668
324701
689386
973124
411938
235720
39618
2062436
1292720
302344
392095
683388
1900253
113985
124217
1688070
687250
91202
418131
1936544
878877
1591816
1317662
973419
1020401
1467119
1002820
1458229
1252829
984569
1113160
1415503
976373
616988
265761
1258511
1671618
2028626
1512546
1118688
86071
1108526
264161
395461
126921
1945708
114078
415152
545996
156898
1101124
1244323
1013526
772910
1320894
834570
787835
701951
930274
1189401
627841
301643
1324760
1210500
1257868
341139
543633
1555722
295116
919851
1487513
119664
1542028
159729
1804640
1593090
1107350
284342
1827292
567893
370134
1919810
1236436
1534552
1960473
865589
865545
992744
357901
952418
981258
1004664
874266
1652519
670916
1566344
1670500
964429
1003647
345452
1808311
754313
929407
1259629
133568
797454
234632
1600713
189135
1066820
86074
303840
1610439
481697
143303
1168597
1348123
2061864
85582
1251136
669014
938764
1498296
938929
1326784
1450475
36957
188465
1794038
1282519
1881068
27332
756024
1189730
1540714
1531970
1617714
1355385
1227499
409078
1736346
1782689
659841
26119
204931
121905
584250
821421
324162
134279
1235494
854401
121108
1858247
482989
287128
727240
397349
167634
836573
1347775
676969
780182
1064558
854368
509470
1291251
1045306
1752370
693788
1132185
1251716
1177670
683083
1401627
1571815
1405096
1491800
1041292
35153
377091
1384220
1427090
368008
1358597
387673
1422871
1428084
1287177
1153891
1377014
1511407
1473296
1194814
801163
402265
2019256
1693445
213725
1271389
1473936
291163
1412810
2009770
1241443
172715
990851
453481
431798
1056513
1864529
4900
472442
926749
1772773
2029740
1721604
1631405
642399
1740783
1422012
1791617
567124
1525666
1675880
1260541
2029010
1539462
1750989
1439699
258761
756773
587422
421120
1382065
1675863
1055121
1160496
1391682
1042469
869368
1047178
1816960
1355501
271199
1166443
1234288
1105959
1006561
12348
57781
811617
1536088
974715
1838398
1769397
938666
934886
1906861
204822
2027314
94010
1941298
191126
1182508
1482902
956982
915938
1089087
970102
